email,user_type,password,first_name,middle_name,last_name,gender,birthday,phone,civil_status,name_of_spouse,purok,barangay,household_no,first_reading,usage_type,serial_no,brand,status,delinquent,registered_at
Andrei.Chatto@gmail.com,Reader,AndreiChatto123,Andrei,Ugpo,Chatto,Male,2001-01-14,9486207359,Widowed,,1,Boctol,30,0,Residential,1,Sunrise,Connected,FALSE,2019-02-28
Eric.Maglajos@gmail.com,Consumer,EricMaglajos123,Eric,Lacea,Maglajos,Male,1979-08-09,9456712321,Married,Toni Puller,1,Boctol,13,0,Residential,2,Watermark,Connected,FALSE,2019-09-04
Sean Maruel.Comingues@gmail.com,Admin,Sean MaruelComingues123,Sean Maruel,Anub,Comingues,Male,1977-02-15,9125679089,Married,Kristine Carog,1,Boctol,15,0,Residential,3,Watermark,Connected,FALSE,2019-09-05
Jeramelle .Tatad@gmail.com,Consumer,Jeramelle Tatad123,Jeramelle ,Anunciado,Tatad,Male,1977-02-16,9645231321,Single,,1,Boctol,27,0,Residential,4,Sunrise,Connected,FALSE,2019-09-06
Paul.Baquero@gmail.com,Consumer,PaulBaquero123,Paul,Orig,Baquero,Male,1977-02-17,9384762497,Single,,1,Boctol,27,0,Residential,5,Sunrise,Connected,TRUE,2019-09-07
Justin.Corpuz@gmail.com,Consumer,JustinCorpuz123,Justin,Bieber,Corpuz,Male,2001-01-14,9518969056,Married,Marjanne Aninao,2,Boctol,12,0,Residential,6,Watermark,Connected,TRUE,2019-09-08
Mary.Chatto@gmail.com,Consumer,MaryChatto123,Mary,Wakanda,Chatto,Female,2001-01-15,9877872231,Married,FJ,2,Boctol,29,0,Residential,7,Sunrise,Disconnected,FALSE,2019-09-09
Myla.Torreon@gmail.com,Cashier,MylaTorreon123,Myla,Lansang,Torreon,Female,2001-01-16,9556232121,Single,,2,Boctol,30,0,Residential,8,Watermark,Connected,FALSE,2019-09-10
Janie.Acain@gmail.com,Reader,JanieAcain123,Janie,Yap,Acain,Male,2001-01-17,9874423211,Single,,2,Boctol,22,0,Commercial,9,Watermark,Connected,TRUE,2019-09-11
Amelia.Bacani @gmail.com,Consumer,AmeliaBacani 123,Amelia,Abacan,Bacani ,Female,2001-01-18,9486207359,Single,,2,Boctol,12,0,Residential,10,Sunrise,Connected,FALSE,2018-08-18
Ava.Bacod@gmail.com,Reader,AvaBacod123,Ava,Abad ,Bacod,Female,2001-01-19,9456712321,Single,,3,Boctol,19,0,Residential,11,Watermark,Connected,FALSE,2018-08-19
Alexander.Bacon@gmail.com,Consumer,AlexanderBacon123,Alexander,Abadiano,Bacon,Male,2001-01-20,9125679089,Single,,3,Boctol,25,0,Residential,12,Watermark,Connected,FALSE,2018-08-20
Avery.Bacolod@gmail.com,Consumer,AveryBacolod123,Avery,Abagat,Bacolod,Female,2001-01-21,9645231321,Single,,3,Boctol,16,0,Residential,13,Sunrise,Connected,FALSE,2018-08-21
Asher.Badel@gmail.com,Consumer,AsherBadel123,Asher,Abajenza,Badel,Female,2001-01-22,9384762497,Single,,3,Boctol,19,0,Commercial,14,Sunrise,Connected,TRUE,2018-08-22
Aiden.Badong@gmail.com,Consumer,AidenBadong123,Aiden,Aballa,Badong,Male,2001-01-23,9518969056,Single,,3,Boctol,10,0,Commercial,15,Watermark,Connected,TRUE,2018-08-23
Abigail.Baga@gmail.com,Consumer,AbigailBaga123,Abigail,Ábalos ,Baga,Male,2001-01-24,9877872231,Single,,4,Boctol,30,0,Residential,16,Sunrise,Disconnected,FALSE,2018-08-24
Anthony.Bagatnan@gmail.com,Consumer,AnthonyBagatnan123,Anthony,Abando,Bagatnan,Male,2001-01-25,9556232121,Single,,4,Boctol,14,0,Residential,17,Watermark,Connected,FALSE,2018-08-25
Aria.Bagatsing @gmail.com,Consumer,AriaBagatsing 123,Aria,Abanto,Bagatsing ,Female,1979-08-09,9874423211,Single,,4,Boctol,30,0,Residential,18,Watermark,Connected,TRUE,2020-06-02
Andrew.Bagayna@gmail.com,Consumer,AndrewBagayna123,Andrew,Abangad,Bagayna,Male,1979-08-10,9384762497,Single,,4,Boctol,26,0,Residential,19,Sunrise,Disconnected,FALSE,2020-06-03
Aurora.Bagcal@gmail.com,Consumer,AuroraBagcal123,Aurora,Abangan,Bagcal,Female,1979-08-11,9518969056,Single,,4,Boctol,10,0,Residential,20,Watermark,Connected,FALSE,2020-06-04
Angel.Bagon@gmail.com,Consumer,AngelBagon123,Angel,Abastar,Bagon,Male,1979-08-12,9877872231,Single,,5,Boctol,14,0,Residential,21,Watermark,Connected,FALSE,2020-06-05
Adrian.Bagsic@gmail.com,Consumer,AdrianBagsic123,Adrian,Abastillas,Bagsic,Male,1979-08-13,9556232121,Single,,5,Boctol,29,0,Residential,22,Sunrise,Connected,FALSE,2020-06-06
Aaron.Balagtas @gmail.com,Consumer,AaronBalagtas 123,Aaron,Abdon,Balagtas ,Male,1979-08-14,9874423211,Single,,5,Boctol,21,0,Residential,23,Watermark,Connected,FALSE,2020-06-07
Addison.Balajadia@gmail.com,Consumer,AddisonBalajadia123,Addison,Abe ,Balajadia,Male,1979-08-15,9486207359,Married,Christopher Columbus,5,Boctol,11,0,Residential,24,Watermark,Disconnected,FALSE,2020-06-08
Axel.Balais@gmail.com,Consumer,AxelBalais123,Axel,Abel,Balais,Male,1979-08-16,9456712321,Married,Henry Hudson,5,Boctol,24,0,Residential,25,Sunrise,Connected,FALSE,2020-06-09
Austin.Balang@gmail.com,Consumer,AustinBalang123,Austin,Abelardo,Balang,Male,1994-01-28,9125679089,Married,Amerigo Vespucci,6,Boctol,17,0,Residential,26,Sunrise,Connected,FALSE,2020-06-10
Audrey.Balangel@gmail.com,Consumer,AudreyBalangel123,Audrey,Abella ,Balangel,Female,1974-01-03,9645231321,Married,John Smith,6,Boctol,22,0,Residential,27,Watermark,Disconnected,FALSE,2020-06-11
Aubrey.Balatero@gmail.com,Consumer,AubreyBalatero123,Aubrey,Abellana,Balatero,Female,1974-01-04,9486207359,Married,Giovanni da Verrazzano,6,Boctol,23,0,Residential,28,Watermark,Connected,FALSE,2020-06-12
Adam.Balbaira@gmail.com,Consumer,AdamBalbaira123,Adam,Abellanosa,Balbaira,Male,1974-01-05,9456712321,Married,John Muir,6,Boctol,27,0,Residential,29,Sunrise,Connected,FALSE,2020-06-13
Bea.Balbas@gmail.com,Consumer,BeaBalbas123,Bea,Abellano,Balbas,Female,1974-01-06,9125679089,Married,Meriwether Lewis ,6,Boctol,14,0,Commercial,30,Sunrise,Disconnected,FALSE,2020-06-14
Catriona.Balbin@gmail.com,Consumer,CatrionaBalbin123,Catriona,Abellera,Balbin,Female,1974-01-07,9645231321,Married,Sacagawea,1,Baucan Norte,30,0,Commercial,31,Watermark,Disconnected,FALSE,2020-06-15
Charice.Balbutin@gmail.com,Consumer,ChariceBalbutin123,Charice,Abello,Balbutin,Female,1974-01-08,9384762497,Married,Kit Carson,1,Baucan Norte,14,0,Commercial,32,Sunrise,Disconnected,FALSE,2018-10-12
Corazon.Balcita@gmail.com,Consumer,CorazonBalcita123,Corazon,Abellon,Balcita,Female,1974-01-09,9518969056,Married,Neil Armstrong,1,Baucan Norte,19,0,Commercial,33,Watermark,Connected,FALSE,2018-10-13
Gladys.Abad@gmail.com,Consumer,GladysAbad123,Gladys,Abilar,Abad,Female,1974-01-10,9877872231,Married,John Wesley Powell,1,Baucan Norte,18,0,Commercial,34,Watermark,Connected,FALSE,2018-10-14
Hilda.Acuna@gmail.com,Consumer,HildaAcuna123,Hilda,Abilon,Acuna,Female,1974-01-11,9556232121,Married,William Clark,1,Baucan Norte,19,0,Commercial,35,Sunrise,Connected,TRUE,2018-10-15
Julia.Adorna@gmail.com,Consumer,JuliaAdorna123,Julia,Abina,Adorna,Female,1997-07-19,9874423211,Married,Martin Luther King Jr.,2,Baucan Norte,23,0,Residential,36,Watermark,Connected,TRUE,2018-10-16
Kathryn.Adriano@gmail.com,Consumer,KathrynAdriano123,Kathryn,Abion,Adriano,Female,1997-07-20,9486207359,Married,Robert E. Lee,2,Baucan Norte,13,0,Residential,37,Watermark,Connected,FALSE,2018-10-17
Kristine.Advíncula@gmail.com,Consumer,KristineAdvíncula123,Kristine,Abison,Advíncula,Female,1997-07-21,9456712321,Widowed,,2,Baucan Norte,21,0,Commercial,38,Sunrise,Connected,FALSE,2018-10-18
Lea.Afable@gmail.com,Consumer,LeaAfable123,Lea,Ablog,Afable,Female,1997-07-22,9125679089,Widowed,,2,Baucan Norte,22,0,Commercial,39,Watermark,Disconnected,TRUE,2018-10-19
Liza.Agres@gmail.com,Consumer,LizaAgres123,Liza,Abril,Agres,Female,1997-07-23,9645231321,Widowed,,2,Baucan Norte,17,0,Commercial,40,Watermark,Connected,FALSE,2018-10-20
Maine.Aguado@gmail.com,Consumer,MaineAguado123,Maine,Abobo,Aguado,Female,1997-07-24,9384762497,Widowed,,3,Baucan Norte,15,0,Commercial,41,Sunrise,Connected,FALSE,2018-10-21
Maja.Aguila@gmail.com,Consumer,MajaAguila123,Maja,Echiverri ,Aguila,Female,1997-07-25,9518969056,Widowed,,3,Baucan Norte,20,0,Residential,42,Sunrise,Connected,FALSE,2018-10-22
Marian.Aguilar@gmail.com,Consumer,MarianAguilar123,Marian,Edillo,Aguilar,Female,1968-01-01,9877872231,Widowed,,3,Baucan Norte,22,0,Residential,43,Watermark,Connected,FALSE,2018-10-23
Maricel.Aguja@gmail.com,Consumer,MaricelAguja123,Maricel,Edralin,Aguja,Female,1968-01-02,9556232121,Widowed,,3,Baucan Norte,13,0,Residential,44,Sunrise,Connected,TRUE,2018-03-14
Mariel.Agustín@gmail.com,Consumer,MarielAgustín123,Mariel,Ednaco,Agustín,Female,1968-01-03,9874423211,Widowed,,3,Baucan Norte,29,0,Residential,45,Watermark,Connected,TRUE,2018-03-15
Nadine.Alcántara@gmail.com,Consumer,NadineAlcántara123,Nadine,Eje,Alcántara,Female,1968-01-04,9384762497,Widowed,,4,Baucan Norte,10,0,Residential,46,Watermark,Connected,FALSE,2018-03-16
Nora.Alejandro@gmail.com,Consumer,NoraAlejandro123,Nora,Elad,Alejandro,Male,1968-01-05,9518969056,Widowed,,4,Baucan Norte,28,0,Residential,47,Sunrise,Connected,FALSE,2018-03-17
Sandara.Alejo@gmail.com,Consumer,SandaraAlejo123,Sandara,Elardo,Alejo,Male,1968-01-06,9877872231,Widowed,,4,Baucan Norte,21,0,Residential,48,Sunrise,Connected,TRUE,2018-03-18
Vanessa.Aleman@gmail.com,Consumer,VanessaAleman123,Vanessa,Elizaga,Aleman,Male,1968-01-07,9556232121,Widowed,,4,Baucan Norte,22,0,Residential,49,Watermark,Connected,FALSE,2018-03-19
Alicia.Alfaro@gmail.com,Consumer,AliciaAlfaro123,Alicia,Elizalde,Alfaro,Male,1968-01-08,9874423211,Widowed,,4,Baucan Norte,24,0,Residential,50,Watermark,Connected,FALSE,2018-03-20
Barbara.Almario@gmail.com,Consumer,BarbaraAlmario123,Barbara,Elorde,Almario,Female,1968-01-09,9486207359,Widowed,,5,Baucan Norte,11,0,Residential,51,Sunrise,Connected,FALSE,2018-03-21
Bernila.Almazán@gmail.com,Consumer,BernilaAlmazán123,Bernila,Elorriaga,Almazán,Female,1968-01-10,9456712321,Widowed,,5,Baucan Norte,12,0,Commercial,52,Sunrise,Connected,FALSE,2018-03-22
Bettina.Almonte@gmail.com,Consumer,BettinaAlmonte123,Bettina,Embang,Almonte,Male,1968-01-11,9125679089,Widowed,,5,Baucan Norte,28,0,Commercial,53,Watermark,Connected,FALSE,2018-03-23
Carmelita.Alonzo@gmail.com,Consumer,CarmelitaAlonzo123,Carmelita,Emia,Alonzo,Female,1968-01-12,9645231321,Single,,5,Baucan Norte,28,0,Commercial,54,Sunrise,Disconnected,FALSE,2018-03-24
Caterina.Alvarado@gmail.com,Consumer,CaterinaAlvarado123,Caterina,Empig,Alvarado,Female,1968-01-13,9556232121,Single,,5,Baucan Norte,12,0,Commercial,55,Watermark,Connected,FALSE,2018-03-25
Cecilia.Alvarez@gmail.com,Consumer,CeciliaAlvarez123,Cecilia,Enanoria,Alvarez,Male,1995-06-15,9874423211,Single,,6,Baucan Norte,13,0,Commercial,56,Watermark,Connected,FALSE,2018-03-26
Cristina.Amador@gmail.com,Consumer,CristinaAmador123,Cristina,Acoba,Amador,Male,1995-06-16,9384762497,Single,,6,Baucan Norte,28,0,Commercial,57,Sunrise,Connected,FALSE,2022-01-14
Diana.Amante@gmail.com,Consumer,DianaAmante123,Diana,Andrea,Amante,Female,1995-06-17,9518969056,Single,,6,Baucan Norte,18,0,Residential,58,Watermark,Connected,FALSE,2022-01-15
Divina.Andrés@gmail.com,Consumer,DivinaAndrés123,Divina,Ang,Andrés,Female,1995-06-18,9877872231,Single,,6,Baucan Norte,15,0,Residential,59,Watermark,Connected,FALSE,2022-01-16
Dolores.Ángeles@gmail.com,Consumer,DoloresÁngeles123,Dolores,Ates,Ángeles,Male,1995-06-19,9556232121,Single,,6,Baucan Norte,21,0,Residential,60,Sunrise,Connected,FALSE,2022-01-17
Evangelina.Antonio@gmail.com,Consumer,EvangelinaAntonio123,Evangelina,Ator,Antonio,Female,1995-06-20,9874423211,Single,,1,Baucan Sur,25,0,Residential,61,Watermark,Connected,FALSE,2022-01-18
Gloria.Anunciación@gmail.com,Consumer,GloriaAnunciación123,Gloria,Ayson,Anunciación,Female,1995-06-21,9486207359,Single,,1,Baucan Sur,13,0,Residential,62,Watermark,Connected,FALSE,2022-01-19
Imelda.Apostol@gmail.com,Consumer,ImeldaApostol123,Imelda,Bacani,Apostol,Male,1995-06-22,9456712321,Single,,1,Baucan Sur,11,0,Residential,63,Sunrise,Connected,FALSE,2022-01-20
Maria.Aquino@gmail.com,Consumer,MariaAquino123,Maria,Cada,Aquino,Male,1995-06-23,9125679089,Single,,1,Baucan Sur,22,0,Residential,64,Watermark,Connected,FALSE,2022-01-21
Maricar.Arbolado@gmail.com,Consumer,MaricarArbolado123,Maricar,Cahoy,Arbolado,Female,1995-06-24,9645231321,Single,,1,Baucan Sur,12,0,Residential,65,Watermark,Connected,FALSE,2022-01-22
Maricris.Arcangel@gmail.com,Consumer,MaricrisArcangel123,Maricris,Canoy,Arcangel,Female,1995-06-25,9486207359,Single,,2,Baucan Sur,26,0,Residential,66,Sunrise,Connected,FALSE,2022-01-23
Patricia.Arce@gmail.com,Consumer,PatriciaArce123,Patricia,Cavan,Arce,Male,1995-06-26,9456712321,Single,,2,Baucan Sur,23,0,Residential,67,Sunrise,Connected,TRUE,2022-01-24
Teresa.Arcilla@gmail.com,Consumer,TeresaArcilla123,Teresa,Dizon,Arcilla,Female,1995-06-27,9125679089,Single,,2,Baucan Sur,14,0,Residential,68,Watermark,Connected,TRUE,2019-07-14
Victoria.Arcino@gmail.com,Consumer,VictoriaArcino123,Victoria,Dugay,Arcino,Female,1993-03-11,9645231321,Single,,2,Baucan Sur,23,0,Residential,69,Watermark,Disconnected,FALSE,2019-07-15
Ai-Ai.Arellano@gmail.com,Consumer,Ai-AiArellano123,Ai-Ai,Dulay,Arellano,Male,1993-03-12,9384762497,Single,,2,Baucan Sur,21,0,Residential,70,Sunrise,Connected,FALSE,2019-07-16
Aiko.Arenas@gmail.com,Consumer,AikoArenas123,Aiko,Dumlao,Arenas,Male,1993-03-13,9518969056,Single,,3,Baucan Sur,20,0,Commercial,71,Sunrise,Connected,TRUE,2019-07-17
Aira.Arevalo@gmail.com,Consumer,AiraArevalo123,Aira,Duso,Arevalo,Male,1993-03-14,9877872231,Single,,3,Baucan Sur,24,0,Commercial,72,Watermark,Connected,FALSE,2019-07-18
Alma.Arroyo@gmail.com,Consumer,AlmaArroyo123,Alma,Dy,Arroyo,Male,1993-03-15,9556232121,Single,,3,Baucan Sur,23,0,Commercial,73,Sunrise,Connected,FALSE,2019-07-19
Alodia.Asentista@gmail.com,Consumer,AlodiaAsentista123,Alodia,Galang,Asentista,Male,1993-03-16,9874423211,Single,,3,Baucan Sur,27,0,Commercial,74,Watermark,Connected,FALSE,2019-07-20
Amy.Asis@gmail.com,Consumer,AmyAsis123,Amy,Go,Asis,Male,1993-03-17,9518969056,Single,,3,Baucan Sur,22,0,Commercial,75,Watermark,Connected,FALSE,2019-07-21
Ana.Astorga@gmail.com,Consumer,AnaAstorga123,Ana,Ilagan,Astorga,Male,1993-03-18,9877872231,Single,,4,Baucan Sur,21,0,Commercial,76,Sunrise,Connected,TRUE,2019-07-22
Andi.Asuncion@gmail.com,Consumer,AndiAsuncion123,Andi,Koh,Asuncion,Female,1993-03-19,9556232121,Single,,4,Baucan Sur,21,0,Residential,77,Watermark,Connected,TRUE,2019-07-23
Anna.Atienza@gmail.com,Consumer,AnnaAtienza123,Anna,Kuan,Atienza,Female,1993-03-20,9874423211,Single,,4,Baucan Sur,24,0,Residential,78,Watermark,Connected,FALSE,2019-07-24
Barbie.Austria@gmail.com,Consumer,BarbieAustria123,Barbie,Lacson,Austria,Male,1993-03-21,9384762497,Single,,4,Baucan Sur,15,0,Commercial,79,Sunrise,Connected,FALSE,2019-05-12
Bella.Avendaño@gmail.com,Consumer,BellaAvendaño123,Bella,Lagman,Avendaño,Male,1993-03-22,9518969056,Single,,4,Baucan Sur,19,0,Commercial,80,Watermark,Connected,FALSE,2019-05-13
Bianca.Ávila@gmail.com,Consumer,BiancaÁvila123,Bianca,Lim,Ávila,Male,1993-03-23,9877872231,Single,,5,Baucan Sur,29,0,Commercial,81,Sunrise,Connected,FALSE,2019-05-14
Blessica.Ballesteros@gmail.com,Consumer,BlessicaBallesteros123,Blessica,Macaraeg,Ballesteros,Male,1993-03-24,9556232121,Single,,5,Baucan Sur,24,0,Commercial,82,Watermark,Connected,FALSE,2019-05-15
Candy.Baltazar@gmail.com,Consumer,CandyBaltazar123,Candy,Magat,Baltazar,Male,1993-03-25,9874423211,Single,,5,Baucan Sur,30,0,Residential,83,Sunrise,Connected,FALSE,2019-05-16
Carla.Barrientos@gmail.com,Consumer,CarlaBarrientos123,Carla,Mallari,Barrientos,Male,1993-03-26,9486207359,Single,,5,Baucan Sur,26,0,Residential,84,Watermark,Disconnected,FALSE,2019-05-17
Charito.Barrios@gmail.com,Consumer,CharitoBarrios123,Charito,Manalo,Barrios,Male,1967-06-12,9456712321,Single,,5,Baucan Sur,21,0,Commercial,85,Watermark,Connected,FALSE,2019-05-18
Cherry.Barrozo@gmail.com,Consumer,CherryBarrozo123,Cherry,Manansala,Barrozo,Female,1967-06-13,9125679089,Married,Nina Ellaine Cabrera,6,Baucan Sur,28,0,Residential,86,Sunrise,Connected,FALSE,2019-05-19
Cheska.Bartolome@gmail.com,Consumer,CheskaBartolome123,Cheska,Marasigan,Bartolome,Female,1967-06-14,9645231321,Married,Pia Wurtzbach,6,Baucan Sur,27,0,Residential,87,Watermark,Connected,FALSE,2019-05-20
Chynna.Basco@gmail.com,Consumer,ChynnaBasco123,Chynna,Marchan,Basco,Male,1967-06-15,9556232121,Married,Nadine Lustre,6,Baucan Sur,10,0,Residential,88,Watermark,Connected,FALSE,2019-05-21
Claudia.Bautista@gmail.com,Consumer,ClaudiaBautista123,Claudia,Ngu,Bautista,Female,1967-06-16,9874423211,Married,Angel Locsin,6,Baucan Sur,26,0,Residential,89,Sunrise,Connected,FALSE,2019-05-22
Coleen.Baylon@gmail.com,Consumer,ColeenBaylon123,Coleen,Ong,Baylon,Female,1967-06-17,9384762497,Married,Bea Gomez,6,Baucan Sur,23,0,Residential,90,Watermark,Connected,FALSE,2019-05-23
Daisy.Beato@gmail.com,Consumer,DaisyBeato123,Daisy,Pado,Beato,Male,1967-06-18,9518969056,Married,Liza Soberano,1,Boyog Norte,21,0,Residential,91,Watermark,Connected,FALSE,2019-05-24
Denise.Belarmino@gmail.com,Consumer,DeniseBelarmino123,Denise,Panganiban,Belarmino,Male,1967-06-19,9877872231,Married,Vice Ganda,1,Boyog Norte,20,0,Commercial,92,Sunrise,Connected,FALSE,2019-05-25
Dianne.Belleza@gmail.com,Consumer,DianneBelleza123,Dianne,Pangelinan,Belleza,Female,1967-06-20,9556232121,Married,Ayn Bernos,1,Boyog Norte,25,0,Commercial,93,Watermark,Connected,FALSE,2019-05-26
Dimples.Bello@gmail.com,Consumer,DimplesBello123,Dimples,Pangilinan,Bello,Female,1967-06-21,9874423211,Married,Catriona Gray,1,Boyog Norte,10,0,Residential,94,Watermark,Connected,FALSE,2018-04-08
Elena.Beltran@gmail.com,Consumer,ElenaBeltran123,Elena,Sanson,Beltran,Male,1987-07-06,9874423211,Married,Mela Habijan,1,Boyog Norte,24,0,Residential,95,Sunrise,Connected,FALSE,2018-04-09
Elise.Benedicto@gmail.com,Consumer,EliseBenedicto123,Elise,Sao,Benedicto,Female,1987-07-07,9486207359,Married,Francine Diaz,2,Boyog Norte,27,0,Commercial,96,Sunrise,Connected,TRUE,2018-04-10
Elizabeth.Benitez@gmail.com,Consumer,ElizabethBenitez123,Elizabeth,Seno,Benitez,Female,1987-07-08,9456712321,Married,Niana Guerrero,2,Boyog Norte,26,0,Residential,97,Watermark,Connected,TRUE,2018-04-11
Emma.Bernal@gmail.com,Consumer,EmmaBernal123,Emma,Sian,Bernal,Male,1987-07-09,9125679089,Married,James Reid,2,Boyog Norte,28,0,Residential,98,Watermark,Connected,FALSE,2018-04-12
Empress.Reyes@gmail.com,Consumer,EmpressReyes123,Empress,Singson,Reyes,Male,1987-07-10,9645231321,Married,Moira Dela Torre,2,Boyog Norte,23,0,Residential,99,Sunrise,Disconnected,FALSE,2018-04-13
Eula.Rivera@gmail.com,Consumer,EulaRivera123,Eula,Sison,Rivera,Female,1987-07-11,9486207359,Married,Andrea Brillantes,2,Boyog Norte,18,0,Residential,100,Sunrise,Connected,TRUE,2018-04-14
Eva.Robles@gmail.com,Consumer,EvaRobles123,Eva,Tan,Robles,Female,1987-07-12,9456712321,Married,Lovi Poe,3,Boyog Norte,14,0,Residential,101,Watermark,Connected,FALSE,2018-04-15
Francine.Rodriguez@gmail.com,Consumer,FrancineRodriguez123,Francine,Te,Rodriguez,Male,1987-07-13,9125679089,Married,Belle Mariano,3,Boyog Norte,17,0,Commercial,102,Sunrise,Connected,FALSE,2018-04-16
Gabby.Rojas@gmail.com,Consumer,GabbyRojas123,Gabby,Teh,Rojas,Female,1987-07-14,9645231321,Married,Charisma Lico,3,Boyog Norte,27,0,Commercial,103,Sunrise,Connected,FALSE,2018-04-17
Gina.Roldan@gmail.com,Consumer,GinaRoldan123,Gina,Tiu,Roldan,Female,1987-07-15,9384762497,Married,Erwan Heussaff,3,Boyog Norte,19,0,Commercial,104,Watermark,Connected,FALSE,2018-04-18
Gladys.Romero@gmail.com,Consumer,GladysRomero123,Gladys,Tuazon,Romero,Male,1987-07-16,9518969056,Married,Alodia Gosiengfiao,3,Boyog Norte,20,0,Commercial,105,Sunrise,Connected,TRUE,2018-04-19
Gloria.Ronquillo@gmail.com,Consumer,GloriaRonquillo123,Gloria,Ty,Ronquillo,Male,1987-07-17,9877872231,Married,Jeremy Jauncey,4,Boyog Norte,18,0,Commercial,106,Watermark,Connected,TRUE,2018-04-20
Gretchen.Roque@gmail.com,Consumer,GretchenRoque123,Gretchen,de Jesus,Roque,Male,1987-07-18,9556232121,Married,Ivana Alawi,4,Boyog Norte,19,0,Residential,107,Watermark,Connected,FALSE,2018-04-21
Gwen.Rosal@gmail.com,Consumer,GwenRosal123,Gwen,de la Cruz,Rosal,Male,1986-01-17,9874423211,Married,Gideon Hermosa,4,Boyog Norte,30,0,Residential,108,Sunrise,Connected,FALSE,2018-04-22
Harlene.Rosales@gmail.com,Consumer,HarleneRosales123,Harlene,de Leon,Rosales,Male,1986-01-18,9518969056,Married,Sassa Gurl,4,Boyog Norte,16,0,Residential,109,Watermark,Connected,FALSE,2018-04-23
Hazel.Rosario@gmail.com,Consumer,HazelRosario123,Hazel,de Luna,Rosario,Male,1986-01-19,9877872231,Married,Donny Pangilinan,4,Boyog Norte,15,0,Residential,110,Watermark,Connected,FALSE,2018-04-24
Heaven.Rosas@gmail.com,Consumer,HeavenRosas123,Heaven,de Ocampo,Rosas,Male,1986-01-20,9556232121,Married,Bea Alonzo,5,Boyog Norte,14,0,Residential,111,Sunrise,Connected,FALSE,2018-04-25
Helga.Roxas@gmail.com,Consumer,HelgaRoxas123,Helga,de Vera,Roxas,Female,1986-01-21,9874423211,Married,Kryz Uy,5,Boyog Norte,25,0,Residential,112,Watermark,Connected,FALSE,2018-04-26
Imelda.Ruiz@gmail.com,Consumer,ImeldaRuiz123,Imelda,de Villa,Ruiz,Female,1986-01-22,9384762497,Married,Marian Rivera,5,Boyog Norte,23,0,Residential,113,Watermark,Connected,FALSE,2021-03-14
Ina.Salas@gmail.com,Consumer,InaSalas123,Ina,del Mundo,Salas,Male,1986-01-23,9518969056,Single,,5,Boyog Norte,19,0,Residential,114,Sunrise,Disconnected,FALSE,2021-03-15
Isabel.Salazar@gmail.com,Consumer,IsabelSalazar123,Isabel,del Pilar,Salazar,Male,1986-01-24,9877872231,Single,,5,Boyog Norte,29,0,Residential,115,Watermark,Connected,FALSE,2021-03-16
Jackie.Salcedo@gmail.com,Consumer,JackieSalcedo123,Jackie,del Rosario,Salcedo,Male,1986-01-25,9556232121,Single,,6,Boyog Norte,29,0,Residential,116,Watermark,Connected,FALSE,2021-03-17
Jade.Salinas@gmail.com,Consumer,JadeSalinas123,Jade,dela Cruz,Salinas,Male,1986-01-26,9874423211,Single,,6,Boyog Norte,13,0,Residential,117,Sunrise,Connected,FALSE,2021-03-18
Janelle.Salvador@gmail.com,Consumer,JanelleSalvador123,Janelle,dela Cuesta,Salvador,Male,1965-08-13,9486207359,Single,,6,Boyog Norte,30,0,Residential,118,Sunrise,Connected,FALSE,2021-03-19
Janine.San Diego@gmail.com,Consumer,JanineSan Diego123,Janine,dela Paz,San Diego,Male,1965-08-14,9456712321,Single,,6,Boyog Norte,28,0,Residential,119,Watermark,Connected,FALSE,2021-03-20
Jennylyn.San Jose@gmail.com,Consumer,JennylynSan Jose123,Jennylyn,dela Pena,San Jose,Male,1965-08-15,9125679089,Single,,6,Boyog Norte,26,0,Commercial,120,Watermark,Connected,FALSE,2021-03-21
Joyce.San Juan@gmail.com,Consumer,JoyceSan Juan123,Joyce,dela Rosa,San Juan,Female,1965-08-16,9645231321,Single,,1,Boyog Proper,18,0,Residential,121,Sunrise,Connected,FALSE,2021-03-22
Karen.San Pedro@gmail.com,Consumer,KarenSan Pedro123,Karen,dela Torre,San Pedro,Female,1965-08-17,9556232121,Single,,1,Boyog Proper,11,0,Residential,122,Sunrise,Connected,FALSE,2021-03-23
Kim.Sanchez@gmail.com,Consumer,KimSanchez123,Kim,Delgado,Sanchez,Male,1965-08-18,9874423211,Single,,1,Boyog Proper,21,0,Residential,123,Watermark,Connected,FALSE,2021-03-24
Kristel.Santa Ana@gmail.com,Consumer,KristelSanta Ana123,Kristel,delos Reyes,Santa Ana,Female,1986-02-02,9384762497,Single,,1,Boyog Proper,14,0,Residential,124,Sunrise,Connected,FALSE,2021-03-25
Kylie.Santa Maria@gmail.com,Consumer,KylieSanta Maria123,Kylie,delos Santos,Santa Maria,Female,1986-02-03,9518969056,Single,,1,Boyog Proper,29,0,Residential,125,Watermark,Disconnected,TRUE,2018-06-06
Lani.Santiago@gmail.com,Consumer,LaniSantiago123,Lani,Diamante,Santiago,Male,1995-05-23,9877872231,Single,,2,Boyog Proper,19,0,Residential,126,Sunrise,Disconnected,TRUE,2018-06-07
Lexi.Santillan@gmail.com,Consumer,LexiSantillan123,Lexi,Diaz,Santillan,Male,1995-05-24,9556232121,Single,,2,Boyog Proper,16,0,Commercial,127,Sunrise,Disconnected,FALSE,2018-06-08
Lilia.Santos@gmail.com,Consumer,LiliaSantos123,Lilia,Dionisio,Santos,Female,1995-05-25,9874423211,Married,Miss Nate Javier,2,Boyog Proper,16,0,Commercial,128,Watermark,Connected,FALSE,2018-06-09
Liza.Sarmiento@gmail.com,Consumer,LizaSarmiento123,Liza,Domingo,Sarmiento,Female,1995-05-26,9556232121,Married,Marj Maroket,2,Boyog Proper,18,0,Residential,129,Sunrise,Connected,TRUE,2018-06-10
Lovely.Sebastián@gmail.com,Consumer,LovelySebastián123,Lovely,Domínguez,Sebastián,Male,1995-05-27,9874423211,Married,Michelle Dy,2,Boyog Proper,12,0,Residential,130,Watermark,Connected,FALSE,2018-06-11
Maureen.Serrano@gmail.com,Consumer,MaureenSerrano123,Maureen,Duenas,Serrano,Female,1996-07-13,9384762497,Married,Paul Unating,3,Boyog Proper,20,0,Commercial,131,Sunrise,Connected,FALSE,2018-06-12
Maybelyn.Sevilla@gmail.com,Consumer,MaybelynSevilla123,Maybelyn,Duran,Sevilla,Female,1996-07-14,9518969056,Married,Anthea Bueno,3,Boyog Proper,19,0,Residential,132,Watermark,Connected,FALSE,2018-06-13
Melissa.Silvestre@gmail.com,Consumer,MelissaSilvestre123,Melissa,Empleo,Silvestre,Male,1996-07-15,9877872231,Married,Mimi Qiu Reyes,3,Boyog Proper,30,0,Residential,133,Watermark,Connected,FALSE,2018-06-14
Michelle.Solis@gmail.com,Consumer,MichelleSolis123,Michelle,Enriquez,Solis,Male,1996-07-16,9556232121,Married,Raiza Contawi,3,Boyog Proper,18,0,Residential,134,Sunrise,Disconnected,TRUE,2018-06-15
Mikee.Soriano@gmail.com,Consumer,MikeeSoriano123,Mikee,Escobar,Soriano,Female,1996-07-17,9874423211,Married,Paolo Ballesteros,3,Boyog Proper,27,0,Residential,135,Sunrise,Connected,TRUE,2018-06-16
Mona.Sotto@gmail.com,Consumer,MonaSotto123,Mona,Escalona,Sotto,Female,1996-07-18,9486207359,Married,Toni Sia,4,Boyog Proper,20,0,Residential,136,Watermark,Connected,FALSE,2018-06-17
Mutya.Suarez@gmail.com,Consumer,MutyaSuarez123,Mutya,Esguerra,Suarez,Male,1996-07-19,9456712321,Married,John Valle,4,Boyog Proper,15,0,Commercial,137,Sunrise,Disconnected,FALSE,2018-06-18
Nadine.Tagle@gmail.com,Consumer,NadineTagle123,Nadine,Espino,Tagle,Female,1996-07-20,9125679089,Married,Heart Evangelista,4,Boyog Proper,28,0,Commercial,138,Watermark,Disconnected,FALSE,2018-06-19
Nicole.Tamayo@gmail.com,Consumer,NicoleTamayo123,Nicole,Espinosa,Tamayo,Female,1996-07-21,9645231321,Married,Anne Curtis,4,Boyog Proper,28,0,Commercial,139,Watermark,Disconnected,FALSE,2018-06-20
Nikki.Tenorio@gmail.com,Consumer,NikkiTenorio123,Nikki,Espíritu,Tenorio,Male,1996-07-22,9556232121,Married,Julia Barretto,4,Boyog Proper,16,0,Commercial,140,Sunrise,Connected,FALSE,2018-06-21
Precious.Teodoro@gmail.com,Consumer,PreciousTeodoro123,Precious,Estacio,Teodoro,Female,2002-08-01,9874423211,Married,Kathryn Bernardo,5,Boyog Proper,12,0,Commercial,141,Watermark,Connected,FALSE,2021-08-02
Queenierich.Tobias@gmail.com,Consumer,QueenierichTobias123,Queenierich,Estanislao,Tobias,Male,2002-08-02,9384762497,Married,Kylie Verzosa,5,Boyog Proper,15,0,Residential,142,Watermark,Connected,FALSE,2021-08-03
Queen Elizabeth.Toledo@gmail.com,Consumer,Queen ElizabethToledo123,Queen Elizabeth,Esteban,Toledo,Male,2002-08-03,9518969056,Married,Camille Co,5,Boyog Proper,25,0,Residential,143,Sunrise,Connected,FALSE,2021-08-04
Rebecca.Tolentino@gmail.com,Consumer,RebeccaTolentino123,Rebecca,Estrada,Tolentino,Female,2002-08-04,9877872231,Married,Sofia Andres,5,Boyog Proper,30,0,Residential,144,Sunrise,Connected,FALSE,2021-08-05
Regine.Tomas@gmail.com,Consumer,RegineTomas123,Regine,Estrella,Tomas,Female,2002-08-05,9556232121,Married,Mimiyuuuh,5,Boyog Proper,29,0,Residential,145,Watermark,Connected,FALSE,2021-08-06
Rita.Torres@gmail.com,Consumer,RitaTorres123,Rita,Eugenio,Torres,Male,2002-08-06,9874423211,Married,Sarah Lahbati,6,Boyog Proper,15,0,Residential,146,Sunrise,Disconnected,FALSE,2021-08-07
Rosa.Traquena@gmail.com,Consumer,RosaTraquena123,Rosa,Eusebio,Traquena,Female,2002-08-07,9486207359,Married,Rei Germar,6,Boyog Proper,27,0,Residential,147,Watermark,Connected,FALSE,2021-08-08
Ruby.Trinidad@gmail.com,Consumer,RubyTrinidad123,Ruby,Evangelista,Trinidad,Female,2002-08-08,9456712321,Widowed,,6,Boyog Proper,17,0,Residential,148,Watermark,Connected,FALSE,2021-08-09
Ruffa.Valdez@gmail.com,Consumer,RuffaValdez123,Ruffa,Fabian,Valdez,Male,2002-08-09,9125679089,Widowed,,6,Boyog Proper,23,0,Residential,149,Sunrise,Connected,FALSE,2021-08-10
James.Ugpo@gmail.com,Consumer,JamesUgpo123,James,Bacani ,Ugpo,Male,1981-12-11,9556232121,Single,,1,Boyog Sur,20,0,Residential,150,Sunrise,Connected,FALSE,2020-05-05
William.Lacea@gmail.com,Consumer,WilliamLacea123,William,Bacod,Lacea,Female,1981-12-12,9874423211,Single,,1,Boyog Sur,28,0,Residential,151,Watermark,Connected,FALSE,2020-05-06
Benjamin.Anub@gmail.com,Consumer,BenjaminAnub123,Benjamin,Bacon,Anub,Female,1981-12-13,9874423211,Single,,2,Boyog Sur,19,0,Residential,152,Watermark,Connected,FALSE,2020-05-07
Alexander.Anunciado@gmail.com,Consumer,AlexanderAnunciado123,Alexander,Bacolod,Anunciado,Male,1981-12-14,9486207359,Single,,2,Boyog Sur,24,0,Residential,153,Sunrise,Connected,FALSE,2020-05-08
Daniel.Orig@gmail.com,Consumer,DanielOrig123,Daniel,Badel,Orig,Female,1981-12-15,9456712321,Single,,3,Boyog Sur,15,0,Residential,154,Sunrise,Connected,FALSE,2020-05-09
Michael.Bieber@gmail.com,Consumer,MichaelBieber123,Michael,Badong,Bieber,Female,1981-12-16,9125679089,Single,,3,Boyog Sur,22,0,Residential,155,Watermark,Connected,FALSE,2020-05-10
Jacob.Wakanda@gmail.com,Consumer,JacobWakanda123,Jacob,Baga,Wakanda,Male,1981-12-17,9645231321,Single,,4,Boyog Sur,12,0,Residential,156,Sunrise,Connected,FALSE,2020-05-11
John.Lansang@gmail.com,Consumer,JohnLansang123,John,Bagatnan,Lansang,Male,1981-12-18,9486207359,Single,,4,Boyog Sur,29,0,Residential,157,Watermark,Connected,FALSE,2020-05-12
Joseph.Yap@gmail.com,Consumer,JosephYap123,Joseph,Bagatsing ,Yap,Male,1981-12-19,9456712321,Single,,5,Boyog Sur,26,0,Commercial,158,Watermark,Connected,FALSE,2020-05-13
David.Abacan@gmail.com,Consumer,DavidAbacan123,David,Bagayna,Abacan,Male,1981-12-20,9125679089,Single,,5,Boyog Sur,10,0,Residential,159,Sunrise,Connected,FALSE,2020-05-14
Matthew.Abad @gmail.com,Consumer,MatthewAbad 123,Matthew,Bagcal,Abad ,Male,1981-12-21,9645231321,Single,,6,Boyog Sur,29,0,Residential,160,Watermark,Connected,FALSE,2020-05-15
Elizabeth.Abadiano@gmail.com,Consumer,ElizabethAbadiano123,Elizabeth,Bagon,Abadiano,Male,1981-12-22,9384762497,Single,,6,Boyog Sur,13,0,Residential,161,Watermark,Connected,FALSE,2020-05-16
Anthony.Abagat@gmail.com,Consumer,AnthonyAbagat123,Anthony,Bagsic,Abagat,Male,1981-12-23,9518969056,Single,,1,Cabad,27,0,Residential,162,Sunrise,Connected,FALSE,2020-05-17
Thomas.Abajenza@gmail.com,Consumer,ThomasAbajenza123,Thomas,Balagtas ,Abajenza,Female,1981-12-24,9877872231,Single,,1,Cabad,20,0,Commercial,163,Sunrise,Connected,FALSE,2020-05-18
Emily.Aballa@gmail.com,Consumer,EmilyAballa123,Emily,Balajadia,Aballa,Female,1981-12-25,9556232121,Single,,2,Cabad,15,0,Commercial,164,Watermark,Connected,FALSE,2020-05-19
Charles.Ábalos @gmail.com,Consumer,CharlesÁbalos 123,Charles,Balais,Ábalos ,Male,1995-10-17,9874423211,Single,,2,Cabad,19,0,Residential,165,Sunrise,Connected,FALSE,2020-05-20
Christopher.Abando@gmail.com,Consumer,ChristopherAbando123,Christopher,Balang,Abando,Male,1995-10-18,9518969056,Single,,3,Cabad,16,0,Residential,166,Watermark,Connected,FALSE,2020-05-21
Andrew.Abanto@gmail.com,Consumer,AndrewAbanto123,Andrew,Balangel,Abanto,Male,1995-10-19,9877872231,Single,,3,Cabad,17,0,Residential,167,Watermark,Connected,FALSE,2020-05-22
Joshua.Abangad@gmail.com,Consumer,JoshuaAbangad123,Joshua,Balatero,Abangad,Male,1995-10-20,9556232121,Single,,4,Cabad,10,0,Residential,168,Sunrise,Connected,TRUE,2020-05-23
Nathan.Abangan@gmail.com,Consumer,NathanAbangan123,Nathan,Balbaira,Abangan,Male,1995-10-21,9874423211,Single,,4,Cabad,21,0,Residential,169,Watermark,Connected,TRUE,2020-05-24
Ryan.Abastar@gmail.com,Consumer,RyanAbastar123,Ryan,Balbas,Abastar,Male,1995-10-22,9384762497,Single,,5,Cabad,29,0,Residential,170,Watermark,Connected,FALSE,2020-05-25
Aaron.Abastillas@gmail.com,Consumer,AaronAbastillas123,Aaron,Balbin,Abastillas,Male,1995-10-23,9518969056,Single,,5,Cabad,30,0,Residential,171,Sunrise,Connected,FALSE,2020-05-26
Jonathan.Abdon@gmail.com,Consumer,JonathanAbdon123,Jonathan,Balbutin,Abdon,Female,1995-10-24,9877872231,Single,,6,Cabad,21,0,Residential,172,Watermark,Connected,TRUE,2020-05-27
Robert.Abe @gmail.com,Consumer,RobertAbe 123,Robert,Balcita,Abe ,Female,1995-10-25,9556232121,Single,,6,Cabad,24,0,Residential,173,Watermark,Connected,FALSE,2018-08-12
Nicholas.Abel@gmail.com,Consumer,NicholasAbel123,Nicholas,Abad,Abel,Male,1995-10-26,9874423211,Single,,1,Candasig,28,0,Residential,174,Sunrise,Connected,FALSE,2018-08-13
Adam.Abelardo@gmail.com,Consumer,AdamAbelardo123,Adam,Acuna,Abelardo,Female,1995-10-27,9486207359,Single,,1,Candasig,13,0,Residential,175,Sunrise,Connected,FALSE,2018-08-14
Allison.Abella @gmail.com,Consumer,AllisonAbella 123,Allison,Adorna,Abella ,Female,1995-10-28,9456712321,Single,,2,Candasig,13,0,Residential,176,Watermark,Connected,FALSE,2018-08-15
Jason.Abellana@gmail.com,Consumer,JasonAbellana123,Jason,Adriano,Abellana,Male,1985-02-02,9125679089,Single,,2,Candasig,16,0,Residential,177,Watermark,Connected,TRUE,2018-08-16
Sarah.Abellanosa@gmail.com,Consumer,SarahAbellanosa123,Sarah,Advincula,Abellanosa,Male,1985-02-03,9645231321,Single,,3,Candasig,27,0,Residential,178,Sunrise,Connected,TRUE,2018-08-17
Maria.Abellano@gmail.com,Consumer,MariaAbellano123,Maria,Afable,Abellano,Female,1985-02-04,9556232121,Single,,3,Candasig,14,0,Commercial,179,Sunrise,Connected,FALSE,2018-08-18
Samantha.Abellera@gmail.com,Consumer,SamanthaAbellera123,Samantha,Agres,Abellera,Female,1985-02-05,9874423211,Single,,4,Candasig,11,0,Commercial,180,Watermark,Connected,FALSE,2018-08-19
Zachary.Abello@gmail.com,Consumer,ZacharyAbello123,Zachary,Aguado,Abello,Male,1985-02-06,9384762497,Single,,4,Candasig,22,0,Commercial,181,Sunrise,Connected,FALSE,2018-08-20
Tyler.Abellon@gmail.com,Consumer,TylerAbellon123,Tyler,Aguilar,Abellon,Female,1985-02-07,9518969056,Single,,5,Candasig,27,0,Commercial,182,Watermark,Connected,FALSE,2018-08-21
Justin.Abilar@gmail.com,Consumer,JustinAbilar123,Justin,Aguilar,Abilar,Female,1985-02-08,9556232121,Single,,5,Candasig,11,0,Commercial,183,Watermark,Connected,FALSE,2018-08-22
Brandon.Abilon@gmail.com,Consumer,BrandonAbilon123,Brandon,Aguja,Abilon,Male,1985-02-09,9874423211,Single,,6,Candasig,29,0,Commercial,184,Sunrise,Connected,FALSE,2018-08-23
Kevin.Abina@gmail.com,Consumer,KevinAbina123,Kevin,Agustin,Abina,Male,1985-02-10,9874423211,Single,,6,Candasig,24,0,Residential,185,Watermark,Connected,FALSE,2018-08-24
Mary.Abion@gmail.com,Consumer,MaryAbion123,Mary,Alcantara,Abion,Female,1985-02-11,9486207359,Single,,1,Cantalid,12,0,Residential,186,Watermark,Connected,FALSE,2018-08-25
Jesse.Abison@gmail.com,Consumer,JesseAbison123,Jesse,Alejandro,Abison,Female,1985-02-12,9456712321,Single,,1,Cantalid,11,0,Commercial,187,Sunrise,Connected,FALSE,2018-08-26
Timothy.Ablog@gmail.com,Consumer,TimothyAblog123,Timothy,Alejo,Ablog,Male,1985-02-13,9125679089,Single,,2,Cantalid,29,0,Commercial,188,Watermark,Connected,FALSE,2019-03-14
Katherine.Abril@gmail.com,Consumer,KatherineAbril123,Katherine,Aleman,Abril,Female,1985-02-14,9645231321,Single,,2,Cantalid,29,0,Commercial,189,Watermark,Connected,FALSE,2019-03-15
Patrick.Abobo@gmail.com,Consumer,PatrickAbobo123,Patrick,Alfaro,Abobo,Female,1985-02-15,9486207359,Single,,3,Cantalid,13,0,Commercial,190,Sunrise,Connected,FALSE,2019-03-16
Eric.Echiverri @gmail.com,Consumer,EricEchiverri 123,Eric,Almario,Echiverri ,Male,1985-02-16,9456712321,Single,,3,Cantalid,19,0,Residential,191,Sunrise,Connected,FALSE,2019-03-17
Richard.Edillo@gmail.com,Consumer,RichardEdillo123,Richard,Almazan,Edillo,Female,1985-02-17,9125679089,Single,,4,Cantalid,15,0,Residential,192,Watermark,Connected,FALSE,2019-03-18
Ashley.Edralín @gmail.com,Consumer,AshleyEdralín 123,Ashley,Almonte,Edralín ,Male,2003-02-02,9645231321,Single,,4,Cantalid,28,0,Commercial,193,Sunrise,Connected,FALSE,2019-03-19
Andrea.Ednaco@gmail.com,Consumer,AndreaEdnaco123,Andrea,Alonzo,Ednaco,Male,2003-02-03,9384762497,Single,,5,Cantalid,14,0,Residential,194,Watermark,Connected,FALSE,2019-03-20
Amy.Eje@gmail.com,Consumer,AmyEje123,Amy,Alvarado,Eje,Female,2003-02-04,9518969056,Single,,5,Cantalid,21,0,Residential,195,Watermark,Connected,FALSE,2019-03-21
Sara.Elad@gmail.com,Consumer,SaraElad123,Sara,Alvarez,Elad,Female,2003-02-05,9877872231,Single,,6,Cantalid,21,0,Residential,196,Sunrise,Connected,FALSE,2019-03-22
Steven.Elardo@gmail.com,Consumer,StevenElardo123,Steven,Amador,Elardo,Male,2003-02-06,9556232121,Single,,6,Cantalid,15,0,Residential,197,Sunrise,Connected,TRUE,2019-03-23
Jeremy.Elizaga@gmail.com,Consumer,JeremyElizaga123,Jeremy,Amante,Elizaga,Female,2003-02-07,9874423211,Single,,1,Cantomimbo,30,0,Residential,198,Watermark,Connected,TRUE,2019-03-24
Mark.Elizalde@gmail.com,Consumer,MarkElizalde123,Mark,Andres,Elizalde,Female,2003-02-08,9518969056,Single,,1,Cantomimbo,14,0,Residential,199,Watermark,Connected,FALSE,2019-03-25
Paul.Elorde@gmail.com,Consumer,PaulElorde123,Paul,Angeles,Elorde,Male,2003-02-09,9877872231,Single,,2,Cantomimbo,26,0,Residential,200,Sunrise,Connected,FALSE,2019-03-26
Kenneth.Elorriaga@gmail.com,Consumer,KennethElorriaga123,Kenneth,Antonio,Elorriaga,Male,2003-02-10,9556232121,Single,,2,Cantomimbo,16,0,Commercial,201,Sunrise,Connected,TRUE,2021-06-12
Kimberly.Embang@gmail.com,Consumer,KimberlyEmbang123,Kimberly,Anuncion,Embang,Female,2003-02-11,9874423211,Single,,3,Cantomimbo,29,0,Commercial,202,Watermark,Connected,FALSE,2021-06-13
Angela.Emia@gmail.com,Consumer,AngelaEmia123,Angela,Apostol,Emia,Female,2003-02-12,9384762497,Single,,3,Cantomimbo,17,0,Commercial,203,Sunrise,Connected,FALSE,2021-06-14
Rachel.Empig@gmail.com,Consumer,RachelEmpig123,Rachel,Aquino,Empig,Male,2003-02-13,9518969056,Single,,4,Cantomimbo,27,0,Commercial,204,Watermark,Connected,FALSE,2021-06-15
Vanessa.Enanoria@gmail.com,Consumer,VanessaEnanoria123,Vanessa,Arbolado,Enanoria,Female,2003-02-14,9877872231,Single,,4,Cantomimbo,29,0,Commercial,205,Watermark,Connected,FALSE,2021-06-16
Brian.Acoba@gmail.com,Consumer,BrianAcoba123,Brian,Arcangel,Acoba,Female,2003-02-15,9556232121,Single,,5,Cantomimbo,12,0,Commercial,206,Sunrise,Connected,TRUE,2021-06-17
Rebecca.Andrea@gmail.com,Consumer,RebeccaAndrea123,Rebecca,Arce,Andrea,Male,2003-02-16,9874423211,Single,,5,Cantomimbo,27,0,Residential,207,Watermark,Connected,TRUE,2021-06-18
Lauren.Ang@gmail.com,Consumer,LaurenAng123,Lauren,Arcilla,Ang,Male,2003-02-17,9486207359,Single,,6,Cantomimbo,15,0,Residential,208,Watermark,Connected,FALSE,2021-06-19
Stephen.Ates@gmail.com,Consumer,StephenAtes123,Stephen,Arcino,Ates,Male,2003-02-18,9456712321,Single,,6,Cantomimbo,10,0,Residential,209,Sunrise,Connected,FALSE,2021-06-20
Nicole.Ator@gmail.com,Consumer,NicoleAtor123,Nicole,Arellano,Ator,Male,2003-02-19,9125679089,Single,,1,Cogon,29,0,Residential,210,Watermark,Connected,FALSE,2021-06-21
Kyle.Ayson@gmail.com,Consumer,KyleAyson123,Kyle,Arenas,Ayson,Male,2003-02-20,9645231321,Single,,1,Cogon,27,0,Residential,211,Watermark,Connected,FALSE,2021-06-22
Sean.Bacani@gmail.com,Consumer,SeanBacani123,Sean,Arevalo,Bacani,Male,2003-02-21,9556232121,Single,,2,Cogon,20,0,Residential,212,Sunrise,Connected,FALSE,2021-06-23
Jamie.Cada@gmail.com,Consumer,JamieCada123,Jamie,Arroyo,Cada,Male,2003-02-22,9874423211,Single,,2,Cogon,26,0,Residential,213,Watermark,Connected,FALSE,2021-06-24
Travis.Cahoy@gmail.com,Consumer,TravisCahoy123,Travis,Asentista,Cahoy,Female,1993-02-19,9384762497,Single,,3,Cogon,30,0,Residential,214,Watermark,Connected,FALSE,2021-06-25
Melissa.Canoy@gmail.com,Consumer,MelissaCanoy123,Melissa,Asis,Canoy,Female,1993-02-20,9518969056,Single,,3,Cogon,21,0,Residential,215,Sunrise,Connected,FALSE,2022-02-04
Laura.Cavan@gmail.com,Consumer,LauraCavan123,Laura,Astorga,Cavan,Male,1993-02-21,9556232121,Single,,4,Cogon,23,0,Residential,216,Sunrise,Connected,FALSE,2022-02-05
Michelle.Dizon@gmail.com,Consumer,MichelleDizon123,Michelle,Asuncion,Dizon,Male,1993-02-22,9874423211,Single,,4,Cogon,20,0,Residential,217,Watermark,Connected,FALSE,2022-02-06
Alicia.Dugay@gmail.com,Consumer,AliciaDugay123,Alicia,Atienza,Dugay,Male,1993-02-23,9874423211,Single,,5,Cogon,24,0,Residential,218,Watermark,Connected,FALSE,2022-02-07
Jeffrey.Dulay@gmail.com,Consumer,JeffreyDulay123,Jeffrey,Austria,Dulay,Male,1993-02-24,9486207359,Single,,5,Cogon,24,0,Residential,219,Sunrise,Connected,FALSE,2022-02-08
Danielle.Dumlao@gmail.com,Consumer,DanielleDumlao123,Danielle,Avendano,Dumlao,Male,1993-02-25,9456712321,Single,,6,Cogon,26,0,Commercial,220,Sunrise,Connected,FALSE,2022-02-09
Stephanie.Duso@gmail.com,Consumer,StephanieDuso123,Stephanie,Avila,Duso,Male,1993-02-26,9125679089,Single,,6,Cogon,14,0,Commercial,221,Watermark,Connected,FALSE,2022-02-10
Amanda.Dy@gmail.com,Consumer,AmandaDy123,Amanda,Ballesteros,Dy,Male,1993-02-27,9645231321,Single,,1,Datag Norte,23,0,Commercial,222,Sunrise,Connected,FALSE,2022-02-11
Jessica.Galang@gmail.com,Consumer,JessicaGalang123,Jessica,Baltazar,Galang,Female,1990-02-15,9486207359,Single,,1,Datag Norte,23,0,Commercial,223,Watermark,Connected,FALSE,2022-02-12
Jennifer.Go@gmail.com,Consumer,JenniferGo123,Jennifer,Barrientos,Go,Female,1990-02-16,9456712321,Single,,2,Datag Norte,11,0,Commercial,224,Watermark,Connected,FALSE,2022-02-13
Gregory.Ilagan@gmail.com,Consumer,GregoryIlagan123,Gregory,Barrios,Ilagan,Male,1990-02-17,9125679089,Single,,2,Datag Norte,28,0,Commercial,225,Sunrise,Connected,FALSE,2022-02-14
April.Koh@gmail.com,Consumer,AprilKoh123,April,Barrozo,Koh,Female,1990-02-18,9645231321,Single,,3,Datag Norte,28,0,Residential,226,Watermark,Connected,FALSE,2022-02-15
Katie.Kuan@gmail.com,Consumer,KatieKuan123,Katie,Bartolome,Kuan,Female,1990-02-19,9384762497,Single,,3,Datag Norte,10,0,Residential,227,Watermark,Connected,FALSE,2022-02-16
Amber.Lacson@gmail.com,Consumer,AmberLacson123,Amber,Basco,Lacson,Male,1990-02-20,9518969056,Single,,4,Datag Norte,15,0,Commercial,228,Sunrise,Connected,FALSE,2022-02-17
Erin.Lagman@gmail.com,Consumer,ErinLagman123,Erin,Bautista,Lagman,Male,1990-02-21,9877872231,Single,,4,Datag Norte,14,0,Commercial,229,Watermark,Connected,FALSE,2022-02-18
Kathryn.Lim@gmail.com,Consumer,KathrynLim123,Kathryn,Baylon,Lim,Female,1990-02-22,9556232121,Single,,5,Datag Norte,28,0,Commercial,230,Sunrise,Connected,FALSE,2022-02-19
Megan.Macaraeg@gmail.com,Consumer,MeganMacaraeg123,Megan,Beato,Macaraeg,Female,1990-02-23,9874423211,Single,,5,Datag Norte,26,0,Commercial,231,Watermark,Connected,FALSE,2022-02-20
Christina.Magat@gmail.com,Consumer,ChristinaMagat123,Christina,Belarmino,Magat,Male,1990-02-24,9518969056,Single,,6,Datag Norte,28,0,Residential,232,Sunrise,Connected,FALSE,2022-02-21
Scott.Mallari@gmail.com,Consumer,ScottMallari123,Scott,Belleza,Mallari,Female,1990-02-25,9877872231,Single,,6,Datag Norte,27,0,Residential,233,Watermark,Connected,FALSE,2022-02-22
Dustin.Manalo@gmail.com,Consumer,DustinManalo123,Dustin,Bello,Manalo,Female,1990-02-26,9556232121,Single,,1,Datag Sur,25,0,Commercial,234,Watermark,Connected,FALSE,2022-02-23
Kelly.Manansala@gmail.com,Consumer,KellyManansala123,Kelly,Beltran,Manansala,Male,1990-02-27,9874423211,Single,,1,Datag Sur,11,0,Residential,235,Sunrise,Connected,FALSE,2022-02-24
Tiffany.Marasigan@gmail.com,Consumer,TiffanyMarasigan123,Tiffany,Benedicto,Marasigan,Male,1990-02-28,9384762497,Single,,2,Datag Sur,16,0,Residential,236,Watermark,Connected,FALSE,2022-02-25
Brittany.Marchan@gmail.com,Consumer,BrittanyMarchan123,Brittany,Benítez,Marchan,Female,1990-03-01,9518969056,Single,,2,Datag Sur,12,0,Residential,237,Watermark,Connected,FALSE,2022-02-26
Crystal.Ngu@gmail.com,Consumer,CrystalNgu123,Crystal,Bernal,Ngu,Female,1987-12-06,9877872231,Single,,3,Datag Sur,18,0,Residential,238,Sunrise,Connected,FALSE,2022-02-27
Lisa.Ong@gmail.com,Consumer,LisaOng123,Lisa,Reyes,Ong,Male,1987-12-07,9556232121,Single,,3,Datag Sur,18,0,Residential,239,Watermark,Connected,FALSE,2022-02-28
Christine.Pado@gmail.com,Consumer,ChristinePado123,Christine,Rivera,Pado,Female,1987-12-08,9874423211,Single,,4,Datag Sur,25,0,Residential,240,Watermark,Connected,TRUE,2022-03-01
Lindsey.Panganiban@gmail.com,Consumer,LindseyPanganiban123,Lindsey,Robles,Panganiban,Female,1987-12-09,9486207359,Single,,4,Datag Sur,23,0,Commercial,241,Sunrise,Connected,TRUE,2018-12-05
Erica.Pangelinan@gmail.com,Consumer,EricaPangelinan123,Erica,Rodriguez,Pangelinan,Male,1987-12-10,9456712321,Single,,5,Datag Sur,19,0,Commercial,242,Watermark,Connected,FALSE,2018-12-06
Shannon.Pangilinan@gmail.com,Consumer,ShannonPangilinan123,Shannon,Rojas,Pangilinan,Female,1987-12-11,9125679089,Single,,5,Datag Sur,20,0,Residential,243,Watermark,Connected,FALSE,2018-12-07
Courtney.Sanson@gmail.com,Consumer,CourtneySanson123,Courtney,Roldan,Sanson,Male,1987-12-12,9645231321,Single,,6,Datag Sur,19,0,Residential,244,Sunrise,Connected,TRUE,2018-12-08
Heather.Sao@gmail.com,Consumer,HeatherSao123,Heather,Romero,Sao,Male,1987-12-13,9556232121,Single,,6,Datag Sur,19,0,Commercial,245,Sunrise,Connected,FALSE,2018-12-09
Lindsay.Seno@gmail.com,Consumer,LindsaySeno123,Lindsay,Ronquillo,Seno,Female,1987-12-14,9874423211,Single,,1,Del Carmen Este (Poblacion),26,0,Residential,246,Watermark,Connected,FALSE,2018-12-10
Kristen.Sian@gmail.com,Consumer,KristenSian123,Kristen,Roque,Sian,Female,1987-12-15,9384762497,Single,,1,Del Carmen Este (Poblacion),28,0,Residential,247,Watermark,Disconnected,FALSE,2018-12-11
Kristin.Singson@gmail.com,Consumer,KristinSingson123,Kristin,Rosal,Singson,Male,1987-12-16,9518969056,Single,,2,Del Carmen Este (Poblacion),29,0,Residential,248,Sunrise,Connected,FALSE,2018-12-12
Mia.Sison@gmail.com,Consumer,MiaSison123,Mia,Rosales,Sison,Female,1987-12-17,9556232121,Single,,2,Del Carmen Este (Poblacion),21,0,Residential,249,Sunrise,Connected,TRUE,2018-12-13
Joseph.Tan@gmail.com,Consumer,JosephTan123,Joseph,Rosario,Tan,Female,1987-12-18,9874423211,Single,,3,Del Carmen Este (Poblacion),30,0,Residential,250,Watermark,Connected,TRUE,2018-12-14
Camila.Te@gmail.com,Consumer,CamilaTe123,Camila,Rosas,Te,Male,1987-12-19,9874423211,Single,,3,Del Carmen Este (Poblacion),23,0,Commercial,251,Sunrise,Connected,FALSE,2018-12-15
Leo.Teh@gmail.com,Consumer,LeoTeh123,Leo,Roxas,Teh,Male,1987-12-20,9486207359,Single,,4,Del Carmen Este (Poblacion),12,0,Commercial,252,Sunrise,Connected,FALSE,2018-12-16
Ezra.Tiu@gmail.com,Consumer,EzraTiu123,Ezra,Ruiz,Tiu,Female,1987-12-21,9456712321,Single,,4,Del Carmen Este (Poblacion),22,0,Commercial,253,Watermark,Connected,FALSE,2018-12-17
Hudson.Tuazon@gmail.com,Consumer,HudsonTuazon123,Hudson,Salas,Tuazon,Female,2001-02-08,9125679089,Single,,5,Del Carmen Este (Poblacion),10,0,Commercial,254,Sunrise,Connected,FALSE,2018-12-18
Gianna.Ty@gmail.com,Consumer,GiannaTy123,Gianna,Salazar,Ty,Male,2001-02-09,9645231321,Single,,5,Del Carmen Este (Poblacion),30,0,Commercial,255,Watermark,Connected,FALSE,2018-12-19
Jayden.de Jesús@gmail.com,Consumer,Jaydende Jesús123,Jayden,Salcedo,de Jesús,Female,2001-02-10,9486207359,Single,,6,Del Carmen Este (Poblacion),28,0,Residential,256,Watermark,Connected,FALSE,2018-12-20
Luca.de la Cruz@gmail.com,Consumer,Lucade la Cruz123,Luca,Salinas,de la Cruz,Female,2001-02-11,9456712321,Single,,6,Del Carmen Este (Poblacion),18,0,Residential,257,Sunrise,Connected,FALSE,2018-12-21
Maverick.de León@gmail.com,Consumer,Maverickde León123,Maverick,Salvador,de León,Male,2001-02-12,9125679089,Single,,1,Del Carmen Norte (Poblacion),14,0,Residential,258,Watermark,Connected,FALSE,2018-12-22
Elias.de Luna@gmail.com,Consumer,Eliasde Luna123,Elias,San Diego,de Luna,Male,2001-02-13,9645231321,Single,,1,Del Carmen Norte (Poblacion),20,0,Residential,259,Watermark,Connected,FALSE,2018-12-23
Mila.de Ocampo@gmail.com,Consumer,Milade Ocampo123,Mila,San Jose,de Ocampo,Male,2001-02-14,9384762497,Single,,2,Del Carmen Norte (Poblacion),21,0,Residential,260,Sunrise,Connected,FALSE,2018-12-24
Nova.de Vera@gmail.com,Consumer,Novade Vera123,Nova,San Juan,de Vera,Male,2001-02-15,9518969056,Single,,2,Del Carmen Norte (Poblacion),16,0,Residential,261,Watermark,Connected,FALSE,2018-12-25
Aurora.de Villa@gmail.com,Consumer,Aurorade Villa123,Aurora,San Pedro,de Villa,Male,2001-02-16,9877872231,Single,,3,Del Carmen Norte (Poblacion),11,0,Residential,262,Watermark,Disconnected,FALSE,2019-02-05
River.del Mundo@gmail.com,Consumer,Riverdel Mundo123,River,Sanchez,del Mundo,Male,2001-02-17,9556232121,Single,,3,Del Carmen Norte (Poblacion),16,0,Residential,263,Sunrise,Connected,FALSE,2019-02-06
Kai.del Pilar@gmail.com,Consumer,Kaidel Pilar123,Kai,Santa Ana,del Pilar,Male,2001-02-18,9874423211,Single,,4,Del Carmen Norte (Poblacion),15,0,Residential,264,Watermark,Connected,FALSE,2019-02-07
Rowan.del Rosario@gmail.com,Consumer,Rowandel Rosario123,Rowan,Santa Maria,del Rosario,Female,2001-02-19,9518969056,Single,,4,Del Carmen Norte (Poblacion),17,0,Residential,265,Watermark,Connected,FALSE,2019-02-08
Axel.dela Cruz@gmail.com,Consumer,Axeldela Cruz123,Axel,Santiago,dela Cruz,Female,2001-02-20,9877872231,Single,,5,Del Carmen Norte (Poblacion),30,0,Residential,266,Sunrise,Connected,FALSE,2019-02-09
Eliana.dela Cuesta@gmail.com,Consumer,Elianadela Cuesta123,Eliana,Santillan,dela Cuesta,Male,2001-02-21,9556232121,Single,,5,Del Carmen Norte (Poblacion),18,0,Residential,267,Sunrise,Connected,FALSE,2019-02-10
Ivy.dela Paz@gmail.com,Consumer,Ivydela Paz123,Ivy,Santos,dela Paz,Male,1980-11-25,9874423211,Single,,6,Del Carmen Norte (Poblacion),24,0,Residential,268,Watermark,Connected,FALSE,2019-02-11
Everly.dela Pena@gmail.com,Consumer,Everlydela Pena123,Everly,Sarmiento,dela Pena,Male,1994-04-04,9384762497,Single,,6,Del Carmen Norte (Poblacion),28,0,Commercial,269,Watermark,Connected,TRUE,2019-02-12
Everett.dela Rosa@gmail.com,Consumer,Everettdela Rosa123,Everett,Sebastian,dela Rosa,Male,1994-04-05,9518969056,Single,,1,Del Carmen Sur (Poblacion),11,0,Residential,270,Sunrise,Connected,TRUE,2019-02-13
Charlie.dela Torre@gmail.com,Consumer,Charliedela Torre123,Charlie,Serrano,dela Torre,Male,1994-04-06,9877872231,Single,,1,Del Carmen Sur (Poblacion),23,0,Residential,271,Sunrise,Connected,FALSE,2019-02-14
Quinn.Delgado@gmail.com,Consumer,QuinnDelgado123,Quinn,Sevilla,Delgado,Male,1994-04-07,9556232121,Single,,2,Del Carmen Sur (Poblacion),16,0,Residential,272,Watermark,Connected,FALSE,2019-02-15
Kayden.delos Reyes@gmail.com,Consumer,Kaydendelos Reyes123,Kayden,Silvestre,delos Reyes,Male,1994-04-08,9874423211,Single,,2,Del Carmen Sur (Poblacion),18,0,Residential,273,Sunrise,Disconnected,TRUE,2019-02-16
Aaliyah.delos Santos@gmail.com,Consumer,Aaliyahdelos Santos123,Aaliyah,Solis,delos Santos,Female,1994-04-09,9486207359,Single,,3,Del Carmen Sur (Poblacion),21,0,Residential,274,Watermark,Disconnected,FALSE,2019-02-17
Alice.Diamante@gmail.com,Consumer,AliceDiamante123,Alice,Soriano,Diamante,Female,1994-04-10,9456712321,Single,,3,Del Carmen Sur (Poblacion),12,0,Residential,275,Sunrise,Disconnected,FALSE,2019-02-18
Skylar.Diaz@gmail.com,Consumer,SkylarDiaz123,Skylar,Sotto,Diaz,Male,1994-04-11,9125679089,Single,,4,Del Carmen Sur (Poblacion),22,0,Commercial,276,Sunrise,Connected,FALSE,2019-02-19
Blake.Dionisio@gmail.com,Consumer,BlakeDionisio123,Blake,Suarez,Dionisio,Female,1994-04-12,9645231321,Single,,4,Del Carmen Sur (Poblacion),20,0,Commercial,277,Watermark,Connected,FALSE,2019-02-20
Emery.Domingo@gmail.com,Consumer,EmeryDomingo123,Emery,Tagle,Domingo,Female,1994-04-13,9556232121,Single,,5,Del Carmen Sur (Poblacion),28,0,Residential,278,Sunrise,Connected,TRUE,2019-02-18
Ariana.Domínguez@gmail.com,Consumer,ArianaDomínguez123,Ariana,Tamayo,Domínguez,Male,1994-04-14,9874423211,Single,,5,Del Carmen Sur (Poblacion),29,0,Residential,279,Watermark,Connected,TRUE,2019-02-19
Zion.Duenas@gmail.com,Consumer,ZionDuenas123,Zion,Tenorio,Duenas,Male,1994-04-15,9384762497,Single,,6,Del Carmen Sur (Poblacion),13,0,Commercial,280,Sunrise,Connected,FALSE,2019-02-20
Elliot.Duran@gmail.com,Consumer,ElliotDuran123,Elliot,Teodoro,Duran,Female,1994-04-16,9518969056,Single,,6,Del Carmen Sur (Poblacion),17,0,Residential,281,Watermark,Connected,FALSE,2019-02-21
Theo.Empleo@gmail.com,Consumer,TheoEmpleo123,Theo,Tobias,Empleo,Female,1994-04-17,9556232121,Single,,1,Del Carmen Weste (Poblacion),22,0,Residential,282,Watermark,Connected,FALSE,2019-02-22
Enzo.Enriquez@gmail.com,Consumer,EnzoEnriquez123,Enzo,Toledo,Enriquez,Male,1994-04-18,9874423211,Single,,1,Del Carmen Weste (Poblacion),16,0,Residential,283,Sunrise,Disconnected,FALSE,2019-02-23
Atlas.Escobar@gmail.com,Consumer,AtlasEscobar123,Atlas,Tolentino,Escobar,Female,1994-04-19,9874423211,Single,,2,Del Carmen Weste (Poblacion),21,0,Residential,284,Sunrise,Connected,FALSE,2019-02-24
Remi.Escalona@gmail.com,Consumer,RemiEscalona123,Remi,Tomas,Escalona,Female,1994-04-20,9486207359,Single,,2,Del Carmen Weste (Poblacion),19,0,Residential,285,Watermark,Connected,FALSE,2019-02-25
Jude.Esguerra@gmail.com,Consumer,JudeEsguerra123,Jude,Torres,Esguerra,Male,1981-01-18,9456712321,Single,,3,Del Carmen Weste (Poblacion),23,0,Commercial,286,Sunrise,Connected,FALSE,2019-02-26
Lyla.Espino@gmail.com,Consumer,LylaEspino123,Lyla,Traquena,Espino,Male,1981-01-19,9125679089,Single,,3,Del Carmen Weste (Poblacion),23,0,Commercial,287,Watermark,Connected,FALSE,2019-02-27
Arthur.Espinosa@gmail.com,Consumer,ArthurEspinosa123,Arthur,Trinidad,Espinosa,Female,1981-01-20,9645231321,Single,,4,Del Carmen Weste (Poblacion),13,0,Commercial,288,Watermark,Connected,FALSE,2019-02-28
Sage.Espíritu@gmail.com,Consumer,SageEspíritu123,Sage,Valdez,Espíritu,Female,1981-01-21,9486207359,Single,,4,Del Carmen Weste (Poblacion),15,0,Commercial,289,Sunrise,Connected,FALSE,2019-03-01
Malachi.Estacio@gmail.com,Consumer,MalachiEstacio123,Malachi,Chatto,Estacio,Male,1981-01-22,9456712321,Single,,5,Del Carmen Weste (Poblacion),23,0,Commercial,290,Watermark,Connected,FALSE,2019-03-02
Maeve.Estanislao@gmail.com,Consumer,MaeveEstanislao123,Maeve,Maglajos,Estanislao,Female,1981-01-23,9125679089,Single,,5,Del Carmen Weste (Poblacion),28,0,Residential,291,Watermark,Connected,FALSE,2019-03-03
Leon.Esteban@gmail.com,Consumer,LeonEsteban123,Leon,Comingues,Esteban,Female,1981-01-24,9645231321,Single,,6,Del Carmen Weste (Poblacion),21,0,Residential,292,Sunrise,Connected,FALSE,2019-03-04
Finn.Estrada@gmail.com,Consumer,FinnEstrada123,Finn,Tatad,Estrada,Male,1981-01-25,9384762497,Single,,6,Del Carmen Weste (Poblacion),15,0,Residential,293,Sunrise,Connected,FALSE,2019-03-05
Alex.Estrella@gmail.com,Consumer,AlexEstrella123,Alex,Baquero,Estrella,Female,1981-01-26,9518969056,Single,,1,Del Rosario,21,0,Residential,294,Watermark,Connected,FALSE,2019-03-06
Alina.Eugenio@gmail.com,Consumer,AlinaEugenio123,Alina,Corpuz,Eugenio,Male,1981-01-27,9877872231,Single,,1,Del Rosario,13,0,Residential,295,Sunrise,Connected,FALSE,2019-03-07
Jesse.Eusebio@gmail.com,Consumer,JesseEusebio123,Jesse,Chatto,Eusebio,Male,1981-01-28,9556232121,Single,,2,Del Rosario,29,0,Residential,296,Watermark,Connected,FALSE,2019-03-08
Rory.Evangelista@gmail.com,Consumer,RoryEvangelista123,Rory,Torreon,Evangelista,Female,1981-01-29,9874423211,Single,,2,Del Rosario,26,0,Residential,297,Watermark,Connected,FALSE,2019-03-09
Amara.Fabian@gmail.com,Consumer,AmaraFabian123,Amara,Acain,Fabian,Female,1981-01-30,9518969056,Single,,3,Del Rosario,20,0,Residential,298,Sunrise,Disconnected,FALSE,2019-11-29
Sienna.Venosa@gmail.com,Consumer,SiennaVenosa123,Sienna,Saad,Venosa,Male,1991-10-11,9125679089,Single,,3,Del Rosario,16,0,Residential,299,Sunrise,Connected,FALSE,2019-12-21
Amaya.Ventic@gmail.com,Consumer,AmayaVentic123,Amaya,Sabado,Ventic,Female,1991-10-12,9645231321,Single,,4,Del Rosario,19,0,Residential,300,Watermark,Connected,FALSE,2019-12-22
Ariella.Ventura @gmail.com,Consumer,AriellaVentura 123,Ariella,Sabanal,Ventura ,Female,1991-10-13,9486207359,Single,,4,Del Rosario,12,0,Residential,301,Watermark,Connected,FALSE,2019-12-23
Millie.Venturina@gmail.com,Consumer,MillieVenturina123,Millie,Saballero,Venturina,Male,1991-10-14,9456712321,Single,,5,Del Rosario,23,0,Residential,302,Sunrise,Connected,FALSE,2019-12-24
Ari.Verajuela@gmail.com,Consumer,AriVerajuela123,Ari,Sabellano,Verajuela,Male,1991-10-15,9125679089,Single,,5,Del Rosario,18,0,Residential,303,Sunrise,Connected,FALSE,2019-12-25
Brianna.Verances@gmail.com,Consumer,BriannaVerances123,Brianna,Sabido,Verances,Female,1991-10-16,9645231321,Single,,6,Del Rosario,14,0,Residential,304,Watermark,Connected,FALSE,2019-12-26
Molly.Verceles@gmail.com,Consumer,MollyVerceles123,Molly,Sabili,Verceles,Male,1991-10-17,9384762497,Single,,6,Del Rosario,12,0,Residential,305,Sunrise,Connected,FALSE,2019-12-27
Nico.Verceluz@gmail.com,Consumer,NicoVerceluz123,Nico,Sabino,Verceluz,Male,1991-10-18,9518969056,Single,,1,Dorol,15,0,Residential,306,Watermark,Connected,FALSE,2019-12-28
Harlow.Verdida@gmail.com,Consumer,HarlowVerdida123,Harlow,Sablaya,Verdida,Female,1991-10-19,9877872231,Single,,1,Dorol,28,0,Commercial,307,Watermark,Connected,FALSE,2019-12-29
Kaia.Vergara@gmail.com,Consumer,KaiaVergara123,Kaia,Sacueza,Vergara,Female,1991-10-20,9556232121,Single,,2,Dorol,29,0,Residential,308,Sunrise,Connected,FALSE,2019-04-03
Rachel.Versoza@gmail.com,Consumer,RachelVersoza123,Rachel,Sago,Versoza,Male,1991-10-21,9874423211,Single,,2,Dorol,11,0,Residential,309,Watermark,Disconnected,FALSE,2019-04-04
Elise.Vertucio@gmail.com,Consumer,EliseVertucio123,Elise,Sagun ,Vertucio,Female,1991-10-22,9518969056,Single,,3,Dorol,26,0,Residential,310,Watermark,Disconnected,FALSE,2019-04-05
Kayla.Vicedo@gmail.com,Consumer,KaylaVicedo123,Kayla,Sahagon,Vicedo,Female,1991-10-23,9877872231,Single,,3,Dorol,28,0,Residential,311,Sunrise,Disconnected,FALSE,2019-04-06
Brian.Vicente@gmail.com,Consumer,BrianVicente123,Brian,Sahagun,Vicente,Male,1991-10-24,9556232121,Single,,4,Dorol,27,0,Commercial,312,Sunrise,Connected,TRUE,2019-04-07
Noa.Victoria@gmail.com,Consumer,NoaVictoria123,Noa,Salamaca,Victoria,Male,1991-10-25,9874423211,Single,,4,Dorol,12,0,Commercial,313,Watermark,Connected,TRUE,2019-04-08
Lena.Vidal @gmail.com,Consumer,LenaVidal 123,Lena,Salamena,Vidal ,Female,1984-09-04,9384762497,Single,,5,Dorol,11,0,Residential,314,Sunrise,Connected,FALSE,2019-04-09
Dante.Vidanes @gmail.com,Consumer,DanteVidanes 123,Dante,Salameno,Vidanes ,Female,1984-09-05,9518969056,Single,,5,Dorol,13,0,Residential,315,Watermark,Connected,FALSE,2019-04-10
Thea.Viernes@gmail.com,Consumer,TheaViernes123,Thea,Salas,Viernes,Male,1984-09-06,9877872231,Single,,6,Dorol,11,0,Residential,316,Watermark,Connected,TRUE,2019-04-11
Skyler.Vilar@gmail.com,Consumer,SkylerVilar123,Skyler,Salazar ,Vilar,Female,1984-09-07,9556232121,Single,,6,Dorol,26,0,Residential,317,Sunrise,Connected,FALSE,2019-04-12
Callan.Villa @gmail.com,Consumer,CallanVilla 123,Callan,Salenga,Villa ,Female,1984-09-08,9874423211,Single,,1,Haguilanan Grande,15,0,Residential,318,Watermark,Connected,FALSE,2019-04-13
Sean.Villabeto@gmail.com,Consumer,SeanVillabeto123,Sean,Sales ,Villabeto,Male,1984-09-09,9486207359,Single,,1,Haguilanan Grande,19,0,Residential,319,Watermark,Disconnected,FALSE,2019-04-14
Rhys.Villacacan@gmail.com,Consumer,RhysVillacacan123,Rhys,Sali,Villacacan,Male,1984-09-10,9456712321,Single,,2,Haguilanan Grande,20,0,Residential,320,Sunrise,Connected,FALSE,2019-04-15
Maisie.Villafuerte@gmail.com,Consumer,MaisieVillafuerte123,Maisie,Salonga ,Villafuerte,Male,1984-09-11,9125679089,Single,,2,Haguilanan Grande,29,0,Residential,321,Watermark,Connected,TRUE,2019-04-16
Raya.Villagonzalo @gmail.com,Consumer,RayaVillagonzalo 123,Raya,Salarda,Villagonzalo ,Male,1984-09-12,9645231321,Single,,3,Haguilanan Grande,16,0,Residential,322,Watermark,Connected,TRUE,2019-04-17
Mae.Villajuan@gmail.com,Consumer,MaeVillajuan123,Mae,Saldua ,Villajuan,Male,1984-09-13,9556232121,Single,,3,Haguilanan Grande,30,0,Residential,323,Sunrise,Connected,FALSE,2019-04-18
Aisha.Villaluz @gmail.com,Consumer,AishaVillaluz 123,Aisha,Salinas ,Villaluz ,Male,1984-09-14,9874423211,Single,,4,Haguilanan Grande,27,0,Residential,324,Sunrise,Connected,FALSE,2019-04-19
Alma.Waring@gmail.com,Consumer,AlmaWaring123,Alma,Saludes,Waring,Male,1984-09-15,9384762497,Single,,4,Haguilanan Grande,11,0,Residential,325,Watermark,Connected,FALSE,2020-02-09
Kieran.Watawat@gmail.com,Consumer,KieranWatawat123,Kieran,Salvador,Watawat,Female,1984-09-16,9518969056,Single,,5,Haguilanan Grande,10,0,Residential,326,Watermark,Connected,FALSE,2020-02-10
Aurelia.Wenceslao@gmail.com,Consumer,AureliaWenceslao123,Aurelia,Salvidar,Wenceslao,Female,1984-09-17,9556232121,Single,,5,Haguilanan Grande,30,0,Residential,327,Sunrise,Connected,FALSE,2020-02-11
Sasha.Wendica@gmail.com,Consumer,SashaWendica123,Sasha,Samaniego,Wendica,Male,1984-09-18,9874423211,Single,,6,Haguilanan Grande,14,0,Residential,328,Sunrise,Connected,FALSE,2020-02-12
Elora.Ynares@gmail.com,Consumer,EloraYnares123,Elora,Samonte,Ynares,Male,1984-09-19,9874423211,Single,,6,Haguilanan Grande,20,0,Residential,329,Watermark,Connected,FALSE,2020-02-13
Mina.Yrreverre@gmail.com,Consumer,MinaYrreverre123,Mina,Samot,Yrreverre,Male,1984-09-20,9486207359,Single,,1,Hanopol Este,10,0,Residential,330,Sunrise,Connected,FALSE,2020-02-14
Nia.Ysip@gmail.com,Consumer,NiaYsip123,Nia,Samoy,Ysip,Male,1984-09-21,9456712321,Single,,1,Hanopol Este,22,0,Residential,331,Watermark,Connected,FALSE,2020-02-15
Myra.Yumang@gmail.com,Consumer,MyraYumang123,Myra,Sampang,Yumang,Male,1984-09-22,9125679089,Single,,2,Hanopol Este,16,0,Residential,332,Watermark,Connected,FALSE,2020-02-16
Ira.Yunun@gmail.com,Consumer,IraYunun123,Ira,San Buenaventura,Yunun,Male,1984-09-23,9645231321,Single,,2,Hanopol Este,12,0,Residential,333,Sunrise,Connected,FALSE,2020-02-17
Louise.Yusay@gmail.com,Consumer,LouiseYusay123,Louise,Sanchez,Yusay,Male,1984-09-24,9486207359,Single,,3,Hanopol Este,23,0,Residential,334,Watermark,Disconnected,FALSE,2020-02-18
Kyra.Ybesate@gmail.com,Consumer,KyraYbesate123,Kyra,Sandoval ,Ybesate,Female,1996-02-09,9456712321,Single,,3,Hanopol Este,10,0,Residential,335,Watermark,Connected,FALSE,2020-02-19
Lara.Yocte@gmail.com,Consumer,LaraYocte123,Lara,Sanico,Yocte,Female,1996-02-10,9125679089,Single,,4,Hanopol Este,18,0,Residential,336,Sunrise,Connected,FALSE,2020-02-20
Otis.Yu @gmail.com,Consumer,OtisYu 123,Otis,Sanata,Yu ,Male,1996-02-11,9645231321,Single,,4,Hanopol Este,10,0,Residential,337,Watermark,Connected,FALSE,2020-02-21
Elodie.Yuzon @gmail.com,Consumer,ElodieYuzon 123,Elodie,Santa Maria ,Yuzon ,Female,1996-02-12,9384762497,Single,,5,Hanopol Este,14,0,Residential,338,Watermark,Connected,FALSE,2020-02-22
Lachlan.Valbuena@gmail.com,Consumer,LachlanValbuena123,Lachlan,Sta. Maria ,Valbuena,Female,1996-02-13,9518969056,Single,,5,Hanopol Este,25,0,Residential,339,Sunrise,Connected,FALSE,2020-02-23
Cynthia.Valdevieso@gmail.com,Consumer,CynthiaValdevieso123,Cynthia,Santiago,Valdevieso,Male,1996-02-14,9877872231,Single,,6,Hanopol Este,28,0,Residential,340,Sunrise,Connected,FALSE,2020-02-24
Rohan.Valdez@gmail.com,Consumer,RohanValdez123,Rohan,Santos,Valdez,Male,1996-02-15,9556232121,Single,,6,Hanopol Este,16,0,Residential,341,Watermark,Connected,TRUE,2020-02-25
Rae.Valdoria@gmail.com,Consumer,RaeValdoria123,Rae,Sano,Valdoria,Female,1996-02-16,9874423211,Single,,1,Hanopol Norte,29,0,Residential,342,Sunrise,Connected,TRUE,2020-02-26
Xena.Valencia @gmail.com,Consumer,XenaValencia 123,Xena,Sangalang,Valencia ,Female,1996-02-17,9518969056,Single,,1,Hanopol Norte,21,0,Residential,343,Watermark,Connected,FALSE,2020-02-27
Beverly.Valenciano @gmail.com,Consumer,BeverlyValenciano 123,Beverly,Sangcap,Valenciano ,Male,1996-02-18,9877872231,Single,,2,Hanopol Norte,29,0,Residential,344,Watermark,Connected,FALSE,2020-02-28
Sharon.Valenzuela @gmail.com,Consumer,SharonValenzuela 123,Sharon,Sangil,Valenzuela ,Female,1996-02-19,9556232121,Single,,2,Hanopol Norte,30,0,Residential,345,Sunrise,Disconnected,TRUE,2020-02-29
Isha.Valerio@gmail.com,Consumer,IshaValerio123,Isha,Sapin,Valerio,Female,1996-02-20,9874423211,Single,,3,Hanopol Norte,24,0,Residential,346,Sunrise,Disconnected,FALSE,2019-05-06
Aditya.Valero @gmail.com,Consumer,AdityaValero 123,Aditya,Saplad,Valero ,Male,1996-02-21,9384762497,Single,,3,Hanopol Norte,22,0,Residential,347,Watermark,Disconnected,FALSE,2019-05-07
Fahad.Valle @gmail.com,Consumer,FahadValle 123,Fahad,Saquing,Valle ,Male,1996-02-22,9518969056,Single,,4,Hanopol Norte,21,0,Residential,348,Watermark,Connected,FALSE,2019-05-08
Harper.Valmoria@gmail.com,Consumer,HarperValmoria123,Harper,Sardero,Valmoria,Female,1996-02-23,9877872231,Single,,4,Hanopol Norte,18,0,Residential,349,Sunrise,Connected,FALSE,2019-05-09
Asher.Vanguardia @gmail.com,Consumer,AsherVanguardia 123,Asher,Sario,Vanguardia ,Female,1996-02-24,9556232121,Single,,5,Hanopol Norte,24,0,Residential,350,Sunrise,Connected,TRUE,2019-05-10
Ezra.Vargas @gmail.com,Consumer,EzraVargas 123,Ezra,Sarmiento,Vargas ,Male,1996-02-25,9874423211,Single,,5,Hanopol Norte,16,0,Residential,351,Watermark,Connected,TRUE,2019-05-11
Hudson.Varona @gmail.com,Consumer,HudsonVarona 123,Hudson,Sarraga,Varona ,Female,1996-02-26,9486207359,Single,,6,Hanopol Norte,29,0,Residential,352,Sunrise,Connected,FALSE,2019-05-12
Lincoln.Vasay@gmail.com,Consumer,LincolnVasay123,Lincoln,Sarreal,Vasay,Female,1996-02-27,9456712321,Single,,6,Hanopol Norte,14,0,Residential,353,Watermark,Connected,FALSE,2019-05-13
Maverick.Vasquez @gmail.com,Consumer,MaverickVasquez 123,Maverick,Saspa,Vasquez ,Male,1996-02-28,9125679089,Single,,1,Hanopol Weste,25,0,Residential,354,Watermark,Connected,FALSE,2019-05-14
Scarlett.Vengua@gmail.com,Consumer,ScarlettVengua123,Scarlett,Saturnino,Vengua,Female,1999-01-13,9645231321,Single,,1,Hanopol Weste,10,0,Residential,355,Sunrise,Disconnected,FALSE,2019-05-15
Aria.Vega @gmail.com,Consumer,AriaVega 123,Aria,Saudan,Vega ,Male,1999-01-14,9556232121,Single,,2,Hanopol Weste,27,0,Residential,356,Watermark,Connected,FALSE,2019-05-16
Mila.Velano@gmail.com,Consumer,MilaVelano123,Mila,Saura,Velano,Male,1999-01-15,9874423211,Single,,2,Hanopol Weste,30,0,Residential,357,Watermark,Connected,FALSE,2019-05-17
Nova.Velarde@gmail.com,Consumer,NovaVelarde123,Nova,Saure,Velarde,Female,1999-01-16,9384762497,Single,,3,Hanopol Weste,24,0,Residential,358,Sunrise,Connected,FALSE,2019-05-18
Jaxon.Velasco @gmail.com,Consumer,JaxonVelasco 123,Jaxon,Sauro,Velasco ,Female,1999-01-17,9518969056,Single,,3,Hanopol Weste,30,0,Residential,359,Watermark,Connected,FALSE,2019-05-19
Isla.Velasquez@gmail.com,Consumer,IslaVelasquez123,Isla,Sausa,Velasquez,Male,1999-01-18,9556232121,Single,,4,Hanopol Weste,16,0,Residential,360,Watermark,Connected,FALSE,2019-05-20
Aurora.Veliganio@gmail.com,Consumer,AuroraVeliganio123,Aurora,Sayoc,Veliganio,Female,1999-01-19,9874423211,Single,,4,Hanopol Weste,24,0,Residential,361,Sunrise,Connected,FALSE,2019-05-21
Willow.Veluz@gmail.com,Consumer,WillowVeluz123,Willow,Sayson,Veluz,Female,1999-01-20,9874423211,Single,,5,Hanopol Weste,30,0,Residential,362,Watermark,Connected,FALSE,2019-05-22
Easton.Veneracion@gmail.com,Consumer,EastonVeneracion123,Easton,See,Veneracion,Male,1999-01-21,9486207359,Single,,5,Hanopol Weste,12,0,Residential,363,Watermark,Connected,FALSE,2019-05-23
Sawyer.Venigas@gmail.com,Consumer,SawyerVenigas123,Sawyer,Sedayao,Venigas,Male,1999-01-22,9456712321,Single,,6,Hanopol Weste,19,0,Residential,364,Sunrise,Connected,FALSE,2019-05-24
Everly.Rendon @gmail.com,Consumer,EverlyRendon 123,Everly,Sediarin,Rendon ,Female,1999-01-23,9125679089,Single,,6,Hanopol Weste,15,0,Residential,365,Sunrise,Connected,FALSE,2019-05-25
Paisley.Repe@gmail.com,Consumer,PaisleyRepe123,Paisley,Selga,Repe,Female,1999-01-24,9645231321,Single,,1,Magsija,19,0,Residential,366,Watermark,Connected,FALSE,2019-05-26
Greyson.Resolme@gmail.com,Consumer,GreysonResolme123,Greyson,Semblante,Resolme,Male,1999-01-25,9486207359,Single,,1,Magsija,19,0,Residential,367,Watermark,Connected,FALSE,2019-07-05
Kinsley.Resoles@gmail.com,Consumer,KinsleyResoles123,Kinsley,Sentina,Resoles,Female,1999-01-26,9456712321,Single,,2,Magsija,16,0,Residential,368,Sunrise,Connected,FALSE,2019-07-06
Silas.Restauro@gmail.com,Consumer,SilasRestauro123,Silas,Sena,Restauro,Female,1999-01-27,9125679089,Single,,2,Magsija,16,0,Residential,369,Sunrise,Connected,FALSE,2019-07-07
Jaxson.Retamar@gmail.com,Consumer,JaxsonRetamar123,Jaxson,Seprado,Retamar,Male,1999-01-28,9645231321,Single,,3,Magsija,23,0,Residential,370,Watermark,Disconnected,FALSE,2019-07-08
Declan.Retome@gmail.com,Consumer,DeclanRetome123,Declan,Serna,Retome,Male,1999-01-29,9384762497,Single,,3,Magsija,20,0,Residential,371,Sunrise,Connected,FALSE,2019-07-09
Gael.Revilla@gmail.com,Consumer,GaelRevilla123,Gael,Seroyla,Revilla,Male,1999-01-30,9518969056,Single,,4,Magsija,15,0,Residential,372,Watermark,Connected,FALSE,2019-07-10
Kingston.Reyes@gmail.com,Consumer,KingstonReyes123,Kingston,Setosta,Reyes,Male,1999-01-31,9877872231,Single,,4,Magsija,18,0,Residential,373,Watermark,Connected,FALSE,2019-07-11
Archer.Reynon@gmail.com,Consumer,ArcherReynon123,Archer,Sevilla ,Reynon,Male,1999-02-01,9556232121,Single,,5,Magsija,18,0,Residential,374,Sunrise,Connected,FALSE,2019-07-12
Enzo.Reynoso@gmail.com,Consumer,EnzoReynoso123,Enzo,Sevelleno ,Reynoso,Male,1991-08-15,9874423211,Single,,5,Magsija,30,0,Residential,375,Watermark,Connected,FALSE,2019-07-13
Atlas.Ricafort @gmail.com,Consumer,AtlasRicafort 123,Atlas,Sevilleno ,Ricafort ,Male,1991-08-16,9518969056,Single,,6,Magsija,25,0,Residential,376,Watermark,Connected,FALSE,2019-07-14
Raelynn.Ricaforte@gmail.com,Consumer,RaelynnRicaforte123,Raelynn,Sia ,Ricaforte,Female,1991-08-17,9125679089,Single,,6,Magsija,14,0,Commercial,377,Sunrise,Connected,FALSE,2019-07-15
Remi.Ricarte@gmail.com,Consumer,RemiRicarte123,Remi,Siasat ,Ricarte,Female,1991-08-18,9645231321,Single,,1,Maslog,25,0,Commercial,378,Watermark,Connected,FALSE,2019-07-16
Bentley.Riego@gmail.com,Consumer,BentleyRiego123,Bentley,Siason ,Riego,Male,1991-08-19,9486207359,Single,,1,Maslog,22,0,Commercial,379,Sunrise,Connected,FALSE,2019-07-17
Rhett.Rieza@gmail.com,Consumer,RhettRieza123,Rhett,Siat,Rieza,Male,1991-08-20,9456712321,Single,,2,Maslog,17,0,Commercial,380,Watermark,Connected,FALSE,2019-07-18
Ryker.Rigor@gmail.com,Consumer,RykerRigor123,Ryker,Sibayan,Rigor,Male,1991-08-21,9125679089,Single,,2,Maslog,27,0,Residential,381,Sunrise,Disconnected,FALSE,2019-07-19
Lyla.Rilveria@gmail.com,Consumer,LylaRilveria123,Lyla,Sibug,Rilveria,Male,1991-08-22,9645231321,Single,,3,Maslog,15,0,Residential,382,Watermark,Disconnected,FALSE,2019-07-20
Adriel.Rimas@gmail.com,Consumer,AdrielRimas123,Adriel,Sicat ,Rimas,Male,1991-08-23,9384762497,Single,,3,Maslog,27,0,Residential,383,Watermark,Disconnected,FALSE,2019-07-21
Remington.Ringor@gmail.com,Consumer,RemingtonRingor123,Remington,Sigua,Ringor,Male,1991-08-24,9518969056,Single,,4,Maslog,29,0,Residential,384,Sunrise,Connected,TRUE,2019-07-22
Brielle.Rio@gmail.com,Consumer,BrielleRio123,Brielle,Silang,Rio,Male,1991-08-25,9877872231,Single,,4,Maslog,13,0,Residential,385,Watermark,Connected,TRUE,2019-07-23
Matteo.Rioflorido@gmail.com,Consumer,MatteoRioflorido123,Matteo,Silayan,Rioflorido,Female,1991-08-26,9556232121,Single,,5,Maslog,15,0,Residential,386,Watermark,Connected,FALSE,2019-07-24
Adalynn.Rita@gmail.com,Consumer,AdalynnRita123,Adalynn,Silonga,Rita,Female,1991-08-27,9874423211,Single,,5,Maslog,25,0,Residential,387,Sunrise,Connected,FALSE,2019-07-25
Oakley.Rivadenera@gmail.com,Consumer,OakleyRivadenera123,Oakley,Silva ,Rivadenera,Male,1991-08-28,9518969056,Single,,6,Maslog,19,0,Residential,388,Watermark,Connected,TRUE,2019-07-26
Karter.Rivas @gmail.com,Consumer,KarterRivas 123,Karter,Silverio ,Rivas ,Female,1991-08-29,9877872231,Single,,6,Maslog,27,0,Residential,389,Watermark,Connected,FALSE,2019-07-27
Alaia.Rivera @gmail.com,Consumer,AlaiaRivera 123,Alaia,Sim,Rivera ,Female,1980-10-13,9556232121,Single,,1,Sagasa,19,0,Residential,390,Sunrise,Connected,FALSE,2019-07-28
Elliana.Rivero @gmail.com,Consumer,EllianaRivero 123,Elliana,Sin,Rivero ,Male,1980-10-14,9874423211,Single,,1,Sagasa,25,0,Residential,391,Watermark,Disconnected,FALSE,2020-08-13
Arlo.Rizal@gmail.com,Consumer,ArloRizal123,Arlo,Singh,Rizal,Male,1980-10-15,9384762497,Single,,2,Sagasa,29,0,Residential,392,Watermark,Connected,FALSE,2020-08-14
Beckett.Roberto@gmail.com,Consumer,BeckettRoberto123,Beckett,Siotico,Roberto,Female,1980-10-16,9518969056,Single,,2,Sagasa,24,0,Residential,393,Sunrise,Connected,TRUE,2020-08-15
King.Robles @gmail.com,Consumer,KingRobles 123,King,Sison ,Robles ,Female,1980-10-17,9877872231,Single,,3,Sagasa,29,0,Residential,394,Sunrise,Connected,TRUE,2020-08-16
Juniper.Robio@gmail.com,Consumer,JuniperRobio123,Juniper,Smith ,Robio,Male,1980-10-18,9556232121,Single,,3,Sagasa,30,0,Residential,395,Watermark,Connected,FALSE,2020-08-17
Sloane.Pablo@gmail.com,Consumer,SloanePablo123,Sloane,So ,Pablo,Female,1980-10-19,9874423211,Single,,4,Sagasa,21,0,Residential,396,Watermark,Connected,FALSE,2020-08-18
Adalyn.Pacana@gmail.com,Consumer,AdalynPacana123,Adalyn,Soberano,Pacana,Female,1980-10-20,9486207359,Single,,4,Sagasa,22,0,Residential,397,Sunrise,Connected,FALSE,2020-08-19
Emersyn.Pacatang@gmail.com,Consumer,EmersynPacatang123,Emersyn,Sogono,Pacatang,Male,1980-10-21,9456712321,Single,,5,Sagasa,25,0,Residential,398,Sunrise,Connected,FALSE,2020-08-20
Lennox.Pacheco@gmail.com,Consumer,LennoxPacheco123,Lennox,Solante,Pacheco,Male,1980-10-22,9125679089,Single,,5,Sagasa,21,0,Residential,399,Watermark,Connected,FALSE,2020-08-21
Freya.Pacione@gmail.com,Consumer,FreyaPacione123,Freya,Soledad,Pacione,Female,1980-10-23,9645231321,Single,,6,Sagasa,22,0,Residential,400,Sunrise,Connected,FALSE,2020-08-22
Blakely.Pacomios@gmail.com,Consumer,BlakelyPacomios123,Blakely,Solidum,Pacomios,Female,1980-10-24,9556232121,Single,,6,Sagasa,16,0,Residential,401,Sunrise,Connected,FALSE,2020-08-23
Kyrie.Pacto@gmail.com,Consumer,KyriePacto123,Kyrie,Solis,Pacto,Male,1980-10-25,9874423211,Single,,1,Sal-ing,18,0,Residential,402,Watermark,Connected,FALSE,2020-08-24
Ember.Pacuan@gmail.com,Consumer,EmberPacuan123,Ember,Solivar,Pacuan,Female,1980-10-26,9384762497,Single,,1,Sal-ing,19,0,Residential,403,Sunrise,Connected,FALSE,2020-08-25
Sutton.Padilla @gmail.com,Consumer,SuttonPadilla 123,Sutton,Sombilon,Padilla ,Female,1980-10-27,9518969056,Single,,2,Sal-ing,26,0,Residential,404,Watermark,Connected,FALSE,2020-08-26
Knox.Padios@gmail.com,Consumer,KnoxPadios123,Knox,Somogat,Padios,Male,1981-08-16,9556232121,Single,,2,Sal-ing,11,0,Residential,405,Watermark,Connected,FALSE,2020-08-27
Matias.Paez @gmail.com,Consumer,MatiasPaez 123,Matias,Sonon,Paez ,Female,1981-08-17,9874423211,Single,,3,Sal-ing,24,0,Residential,406,Sunrise,Disconnected,FALSE,2020-08-28
Aubree.Pagador @gmail.com,Consumer,AubreePagador 123,Aubree,Soria ,Pagador ,Male,1981-08-18,9874423211,Single,,3,Sal-ing,16,0,Residential,407,Watermark,Connected,FALSE,2019-02-01
Arabella.Pagcaliuagan @gmail.com,Consumer,ArabellaPagcaliuagan 123,Arabella,Soriano,Pagcaliuagan ,Male,1981-08-19,9486207359,Single,,4,Sal-ing,21,0,Residential,408,Watermark,Connected,FALSE,2019-02-02
Zuri.Pagdansalan@gmail.com,Consumer,ZuriPagdansalan123,Zuri,Sosa,Pagdansalan,Female,1981-08-20,9456712321,Single,,4,Sal-ing,29,0,Residential,409,Sunrise,Connected,FALSE,2019-02-03
Jax.Paguirigan @gmail.com,Consumer,JaxPaguirigan 123,Jax,Sosusco,Paguirigan ,Female,1981-08-21,9125679089,Single,,5,Sal-ing,20,0,Residential,410,Watermark,Connected,FALSE,2019-02-04
Remy.Pagulayan@gmail.com,Consumer,RemyPagulayan123,Remy,Soterio,Pagulayan,Male,1981-08-22,9645231321,Single,,5,Sal-ing,11,0,Residential,411,Watermark,Connected,FALSE,2019-02-05
Wren.Pahati@gmail.com,Consumer,WrenPahati123,Wren,Sotto ,Pahati,Female,1981-08-23,9486207359,Single,,6,Sal-ing,15,0,Residential,412,Sunrise,Connected,FALSE,2019-02-06
Zara.Pajac@gmail.com,Consumer,ZaraPajac123,Zara,Souza ,Pajac,Female,1981-08-24,9456712321,Single,,6,Sal-ing,28,0,Residential,413,Watermark,Connected,FALSE,2019-02-07
Harlow.Pajarillo @gmail.com,Consumer,HarlowPajarillo 123,Harlow,Suan,Pajarillo ,Male,1981-08-25,9125679089,Single,,1,San Isidro,21,0,Residential,414,Watermark,Connected,FALSE,2019-02-08
Kamila.Palaganas@gmail.com,Consumer,KamilaPalaganas123,Kamila,Suárez ,Palaganas,Male,1981-08-26,9645231321,Single,,1,San Isidro,14,0,Residential,415,Sunrise,Connected,TRUE,2019-02-09
Crew.Palces@gmail.com,Consumer,CrewPalces123,Crew,Suazo,Palces,Female,1981-08-27,9384762497,Single,,2,San Isidro,11,0,Residential,416,Sunrise,Connected,TRUE,2019-02-10
Atticus.Palero@gmail.com,Consumer,AtticusPalero123,Atticus,Subaldo,Palero,Male,1981-08-28,9518969056,Single,,2,San Isidro,17,0,Residential,417,Watermark,Disconnected,FALSE,2019-02-11
Brantley.Palileo@gmail.com,Consumer,BrantleyPalileo123,Brantley,Suhian,Palileo,Male,1981-08-29,9877872231,Single,,3,San Isidro,14,0,Residential,418,Watermark,Disconnected,FALSE,2019-02-12
Callum.Palmes@gmail.com,Consumer,CallumPalmes123,Callum,Suico,Palmes,Female,1981-08-30,9556232121,Single,,3,San Isidro,14,0,Residential,419,Sunrise,Disconnected,TRUE,2019-02-13
Adelyn.Palma @gmail.com,Consumer,AdelynPalma 123,Adelyn,Sulit,Palma ,Female,1981-08-31,9874423211,Single,,4,San Isidro,18,0,Residential,420,Sunrise,Connected,FALSE,2019-02-14
Karson.Palomares @gmail.com,Consumer,KarsonPalomares 123,Karson,Supan,Palomares ,Male,1981-09-01,9518969056,Single,,4,San Isidro,13,0,Residential,421,Watermark,Connected,FALSE,2019-02-15
Kailani.Palomique@gmail.com,Consumer,KailaniPalomique123,Kailani,Supangan,Palomique,Female,1981-09-02,9877872231,Single,,5,San Isidro,16,0,Residential,422,Sunrise,Connected,FALSE,2019-02-16
Adaline.Pamintuan @gmail.com,Consumer,AdalinePamintuan 123,Adaline,Sy ,Pamintuan ,Female,1980-01-21,9556232121,Single,,5,San Isidro,10,0,Residential,423,Watermark,Connected,FALSE,2019-02-17
Cairo.Pamplona @gmail.com,Consumer,CairoPamplona 123,Cairo,Sumaya ,Pamplona ,Male,1980-01-22,9874423211,Single,,6,San Isidro,23,0,Residential,424,Sunrise,Connected,TRUE,2019-02-18
Gunner.Panaglima@gmail.com,Consumer,GunnerPanaglima123,Gunner,Sumilang ,Panaglima,Male,1980-01-23,9384762497,Single,,6,San Isidro,26,0,Residential,425,Sunrise,Connected,TRUE,2019-02-19
Vivienne.Panaligan @gmail.com,Consumer,ViviennePanaligan 123,Vivienne,Sumonda,Panaligan ,Female,1980-01-24,9518969056,Single,,1,San Roque,23,0,Residential,426,Watermark,Connected,FALSE,2019-02-20
Evelynn.Pandoro@gmail.com,Consumer,EvelynnPandoro123,Evelynn,Sumulong,Pandoro,Female,1980-01-25,9877872231,Single,,1,San Roque,23,0,Residential,427,Sunrise,Disconnected,FALSE,2019-02-21
Kalani.Panerio@gmail.com,Consumer,KalaniPanerio123,Kalani,Suyat,Panerio,Male,1980-01-26,9556232121,Single,,2,San Roque,30,0,Residential,428,Watermark,Connected,FALSE,2019-02-22
Wilder.Panio@gmail.com,Consumer,WilderPanio123,Wilder,Taasan,Panio,Female,1980-01-27,9874423211,Single,,3,San Roque,27,0,Residential,429,Sunrise,Connected,FALSE,2019-02-23
Gracelynn.Panopio@gmail.com,Consumer,GracelynnPanopio123,Gracelynn,Tababa,Panopio,Female,1980-01-28,9486207359,Single,,3,San Roque,22,0,Residential,430,Watermark,Connected,FALSE,2019-02-24
Killian.Panoche @gmail.com,Consumer,KillianPanoche 123,Killian,Tabadda,Panoche ,Male,1980-01-29,9456712321,Single,,4,San Roque,20,0,Residential,431,Watermark,Connected,FALSE,2019-02-25
Amina.Pantaleon @gmail.com,Consumer,AminaPantaleon 123,Amina,Tabasa,Pantaleon ,Male,1980-01-30,9125679089,Single,,4,San Roque,13,0,Residential,432,Sunrise,Connected,FALSE,2020-01-04
Adelynn.Pangan@gmail.com,Consumer,AdelynnPangan123,Adelynn,Taberna,Pangan,Male,1980-01-31,9645231321,Single,,5,San Roque,20,0,Residential,433,Sunrise,Connected,FALSE,2020-01-05
Briggs.Panganiban @gmail.com,Consumer,BriggsPanganiban 123,Briggs,Tabernilla,Panganiban ,Male,1980-02-01,9556232121,Single,,5,San Roque,28,0,Residential,434,Watermark,Connected,FALSE,2020-01-06
Finnegan.Pangilinan @gmail.com,Consumer,FinneganPangilinan 123,Finnegan,Tabiog,Pangilinan ,Male,1980-02-02,9874423211,Single,,6,San Roque,30,0,Commercial,435,Sunrise,Connected,FALSE,2020-01-07
Zayne.Paquio@gmail.com,Consumer,ZaynePaquio123,Zayne,Tabilog,Paquio,Male,1980-02-03,9384762497,Single,,6,San Roque,22,0,Commercial,436,Watermark,Connected,FALSE,2020-01-08
Raiden.Parac@gmail.com,Consumer,RaidenParac123,Raiden,Tabinas,Parac,Male,1980-02-04,9518969056,Single,,1,Santo Niño,24,0,Commercial,437,Watermark,Connected,FALSE,2020-01-09
Elianna.Paragas@gmail.com,Consumer,EliannaParagas123,Elianna,Tabing,Paragas,Female,1983-05-06,9556232121,Single,,1,Santo Niño,23,0,Commercial,438,Sunrise,Connected,FALSE,2020-01-10
Raelyn.Paras@gmail.com,Consumer,RaelynParas123,Raelyn,Tabligan,Paras,Female,1983-05-07,9874423211,Single,,2,Santo Niño,23,0,Commercial,439,Watermark,Connected,FALSE,2020-01-11
Esme.Parasam@gmail.com,Consumer,EsmeParasam123,Esme,Tabo,Parasam,Male,1983-05-08,9874423211,Single,,2,Santo Niño,12,0,Residential,440,Watermark,Connected,FALSE,2020-01-12
Bellamy.Paray@gmail.com,Consumer,BellamyParay123,Bellamy,Tabornal,Paray,Male,1983-05-09,9486207359,Single,,3,Santo Niño,29,0,Residential,441,Sunrise,Connected,FALSE,2020-01-13
Brinley.Obero@gmail.com,Consumer,BrinleyObero123,Brinley,Taccad,Obero,Male,1983-05-10,9456712321,Single,,3,Santo Niño,10,0,Residential,442,Sunrise,Disconnected,FALSE,2020-01-14
Azariah.Obnasca@gmail.com,Consumer,AzariahObnasca123,Azariah,Tacurda,Obnasca,Male,1983-05-11,9125679089,Single,,4,Santo Niño,29,0,Residential,443,Watermark,Connected,FALSE,2020-01-15
Apollo.Ocampo@gmail.com,Consumer,ApolloOcampo123,Apollo,Taghoy,Ocampo,Male,1983-05-12,9645231321,Single,,4,Santo Niño,28,0,Residential,444,Sunrise,Connected,TRUE,2020-01-16
Amora.Ocoma@gmail.com,Consumer,AmoraOcoma123,Amora,Tagnawa,Ocoma,Male,1983-05-13,9486207359,Single,,5,Santo Niño,10,0,Residential,445,Watermark,Connected,TRUE,2020-01-17
Nylah.Ochoa @gmail.com,Consumer,NylahOchoa 123,Nylah,Taguinod,Ochoa ,Male,1983-05-14,9456712321,Single,,5,Santo Niño,22,0,Residential,446,Watermark,Connected,FALSE,2020-01-18
Oaklee.Ocfemia@gmail.com,Consumer,OakleeOcfemia123,Oaklee,Taguiwalo,Ocfemia,Female,1983-05-15,9125679089,Single,,6,Santo Niño,16,0,Residential,447,Sunrise,Connected,FALSE,2020-01-19
Rowen.Ochea@gmail.com,Consumer,RowenOchea123,Rowen,Tagulinao,Ochea,Female,1983-05-16,9645231321,Single,,6,Santo Niño,22,0,Residential,448,Sunrise,Connected,TRUE,2020-01-20
Bristol.Orquia@gmail.com,Consumer,BristolOrquia123,Bristol,Talambayan,Orquia,Male,1983-05-17,9384762497,Single,,1,Tagustusan,10,0,Residential,449,Watermark,Connected,FALSE,2020-01-21
Tripp.Octavo@gmail.com,Consumer,TrippOctavo123,Tripp,Talidtid,Octavo,Female,1983-05-18,9518969056,Single,,1,Tagustusan,20,0,Residential,450,Watermark,Connected,FALSE,2018-04-11
Saint.Odi@gmail.com,Consumer,SaintOdi123,Saint,Talosig,Odi,Female,1983-05-19,9877872231,Single,,2,Tagustusan,22,0,Residential,451,Sunrise,Connected,FALSE,2018-04-12
Leonidas.Odivilas@gmail.com,Consumer,LeonidasOdivilas123,Leonidas,Tamayao,Odivilas,Male,1986-09-01,9556232121,Single,,2,Tagustusan,14,0,Residential,452,Watermark,Connected,FALSE,2018-04-13
Matthias.Offemaria@gmail.com,Consumer,MatthiasOffemaria123,Matthias,Tamayo,Offemaria,Male,1986-09-02,9874423211,Single,,3,Tagustusan,12,0,Residential,453,Watermark,Disconnected,TRUE,2018-04-14
Callen.Ogardo@gmail.com,Consumer,CallenOgardo123,Callen,Tampingco,Ogardo,Female,1986-09-03,9518969056,Single,,3,Tagustusan,29,0,Residential,454,Sunrise,Disconnected,TRUE,2018-04-15
Averie.Oguimas@gmail.com,Consumer,AverieOguimas123,Averie,Tandoc,Oguimas,Female,1986-09-04,9645231321,Single,,4,Tagustusan,15,0,Residential,455,Sunrise,Disconnected,FALSE,2018-04-16
Kamden.Ohiman@gmail.com,Consumer,KamdenOhiman123,Kamden,Tanpoco ,Ohiman,Male,1986-09-05,9384762497,Single,,4,Tagustusan,27,0,Residential,456,Watermark,Connected,FALSE,2018-04-17
Finnley.Olaera@gmail.com,Consumer,FinnleyOlaera123,Finnley,Tantoco ,Olaera,Female,1986-09-06,9518969056,Single,,5,Tagustusan,14,0,Residential,457,Sunrise,Connected,FALSE,2018-04-18
Lyra.Olaguer@gmail.com,Consumer,LyraOlaguer123,Lyra,Tapang ,Olaguer,Female,1986-09-07,9877872231,Single,,5,Tagustusan,13,0,Residential,458,Watermark,Connected,FALSE,2018-04-19
Charleigh.Olaivar @gmail.com,Consumer,CharleighOlaivar 123,Charleigh,Tapia ,Olaivar ,Male,1986-09-08,9556232121,Single,,6,Tagustusan,24,0,Residential,459,Watermark,Connected,FALSE,2018-04-20
Adley.Olarte@gmail.com,Consumer,AdleyOlarte123,Adley,Tapiador,Olarte,Male,1986-09-09,9874423211,Single,,6,Tagustusan,25,0,Residential,460,Sunrise,Connected,FALSE,2018-04-21